recorded_at,temperature,feels_like,humidity,pressure,wind_speed,wind_direction,precipitation,cloud_cover,visibility,uv_index,weather_code,is_day
2026-06-28 00:00:00,,,,,,,,,10.0,,,0
2026-06-28 01:00:00,,,,,,,,,10.0,,,0
2026-06-28 02:00:00,,,,,,,,,10.0,,,0
2026-06-28 03:00:00,,,,,,,,,10.0,,,0
2026-06-28 04:00:00,,,,,,,,,10.0,,,0
2026-06-28 05:00:00,,,,,,,,,10.0,,,0
2026-06-28 06:00:00,,,,,,,,,10.0,,,1
2026-06-28 07:00:00,,,,,,,,,10.0,,,1
2026-06-28 08:00:00,,,,,,,,,10.0,,,1
2026-06-28 09:00:00,,,,,,,,,10.0,,,1
2026-06-28 10:00:00,,,,,,,,,10.0,,,1
2026-06-28 11:00:00,,,,,,,,,10.0,,,1
2026-06-28 12:00:00,,,,,,,,,10.0,,,1
2026-06-28 13:00:00,,,,,,,,,10.0,,,1
2026-06-28 14:00:00,,,,,,,,,10.0,,,1
2026-06-28 15:00:00,,,,,,,,,10.0,,,1
2026-06-28 16:00:00,,,,,,,,,10.0,,,1
2026-06-28 17:00:00,,,,,,,,,10.0,,,1
2026-06-28 18:00:00,,,,,,,,,10.0,,,1
2026-06-28 19:00:00,,,,,,,,,10.0,,,0
2026-06-28 20:00:00,,,,,,,,,10.0,,,0
2026-06-28 21:00:00,,,,,,,,,10.0,,,0
2026-06-28 22:00:00,,,,,,,,,10.0,,,0
2026-06-28 23:00:00,,,,,,,,,10.0,,,0
2026-06-29 00:00:00,,,,,,,,,10.0,,,0
2026-06-29 01:00:00,,,,,,,,,10.0,,,0
2026-06-29 02:00:00,,,,,,,,,10.0,,,0
2026-06-29 03:00:00,,,,,,,,,10.0,,,0
2026-06-29 04:00:00,,,,,,,,,10.0,,,0
2026-06-29 05:00:00,,,,,,,,,10.0,,,0
2026-06-29 06:00:00,,,,,,,,,10.0,,,1
2026-06-29 07:00:00,,,,,,,,,10.0,,,1
2026-06-29 08:00:00,,,,,,,,,10.0,,,1
2026-06-29 09:00:00,,,,,,,,,10.0,,,1
2026-06-29 10:00:00,,,,,,,,,10.0,,,1
2026-06-29 11:00:00,,,,,,,,,10.0,,,1
2026-06-29 12:00:00,,,,,,,,,10.0,,,1
2026-06-29 13:00:00,,,,,,,,,10.0,,,1
2026-06-29 14:00:00,,,,,,,,,10.0,,,1
2026-06-29 15:00:00,,,,,,,,,10.0,,,1
2026-06-29 16:00:00,,,,,,,,,10.0,,,1
2026-06-29 17:00:00,,,,,,,,,10.0,,,1
2026-06-29 18:00:00,,,,,,,,,10.0,,,1
2026-06-29 19:00:00,,,,,,,,,10.0,,,0
2026-06-29 20:00:00,,,,,,,,,10.0,,,0
2026-06-29 21:00:00,,,,,,,,,10.0,,,0
2026-06-29 22:00:00,,,,,,,,,10.0,,,0
2026-06-29 23:00:00,,,,,,,,,10.0,,,0
2026-06-30 00:00:00,,,,,,,,,10.0,,,0
2026-06-30 01:00:00,,,,,,,,,10.0,,,0
2026-06-30 02:00:00,,,,,,,,,10.0,,,0
2026-06-30 03:00:00,,,,,,,,,10.0,,,0
2026-06-30 04:00:00,,,,,,,,,10.0,,,0
2026-06-30 05:00:00,,,,,,,,,10.0,,,0
2026-06-30 06:00:00,,,,,,,,,10.0,,,1
2026-06-30 07:00:00,,,,,,,,,10.0,,,1
2026-06-30 08:00:00,,,,,,,,,10.0,,,1
2026-06-30 09:00:00,,,,,,,,,10.0,,,1
2026-06-30 10:00:00,,,,,,,,,10.0,,,1
2026-06-30 11:00:00,,,,,,,,,10.0,,,1
2026-06-30 12:00:00,,,,,,,,,10.0,,,1
2026-06-30 13:00:00,,,,,,,,,10.0,,,1
2026-06-30 14:00:00,,,,,,,,,10.0,,,1
2026-06-30 15:00:00,,,,,,,,,10.0,,,1
2026-06-30 16:00:00,,,,,,,,,10.0,,,1
2026-06-30 17:00:00,,,,,,,,,10.0,,,1
2026-06-30 18:00:00,,,,,,,,,10.0,,,1
2026-06-30 19:00:00,,,,,,,,,10.0,,,0
2026-06-30 20:00:00,,,,,,,,,10.0,,,0
2026-06-30 21:00:00,,,,,,,,,10.0,,,0
2026-06-30 22:00:00,,,,,,,,,10.0,,,0
2026-06-30 23:00:00,,,,,,,,,10.0,,,0
2026-07-01 00:00:00,,,,,,,,,10.0,,,0
2026-07-01 01:00:00,,,,,,,,,10.0,,,0
2026-07-01 02:00:00,,,,,,,,,10.0,,,0
2026-07-01 03:00:00,,,,,,,,,10.0,,,0
2026-07-01 04:00:00,,,,,,,,,10.0,,,0
2026-07-01 05:00:00,,,,,,,,,10.0,,,0
2026-07-01 06:00:00,,,,,,,,,10.0,,,1
2026-07-01 07:00:00,,,,,,,,,10.0,,,1
2026-07-01 08:00:00,,,,,,,,,10.0,,,1
2026-07-01 09:00:00,,,,,,,,,10.0,,,1
2026-07-01 10:00:00,,,,,,,,,10.0,,,1
2026-07-01 11:00:00,,,,,,,,,10.0,,,1
2026-07-01 12:00:00,,,,,,,,,10.0,,,1
2026-07-01 13:00:00,,,,,,,,,10.0,,,1
2026-07-01 14:00:00,,,,,,,,,10.0,,,1
2026-07-01 15:00:00,,,,,,,,,10.0,,,1
2026-07-01 16:00:00,,,,,,,,,10.0,,,1
2026-07-01 17:00:00,,,,,,,,,10.0,,,1
2026-07-01 18:00:00,,,,,,,,,10.0,,,1
2026-07-01 19:00:00,,,,,,,,,10.0,,,0
2026-07-01 20:00:00,,,,,,,,,10.0,,,0
2026-07-01 21:00:00,,,,,,,,,10.0,,,0
2026-07-01 22:00:00,,,,,,,,,10.0,,,0
2026-07-01 23:00:00,,,,,,,,,10.0,,,0
2026-07-02 00:00:00,,,,,,,,,10.0,,,0
2026-07-02 01:00:00,,,,,,,,,10.0,,,0
2026-07-02 02:00:00,,,,,,,,,10.0,,,0
2026-07-02 03:00:00,,,,,,,,,10.0,,,0
2026-07-02 04:00:00,,,,,,,,,10.0,,,0
2026-07-02 05:00:00,,,,,,,,,10.0,,,0
2026-07-02 06:00:00,,,,,,,,,10.0,,,1
2026-07-02 07:00:00,,,,,,,,,10.0,,,1
2026-07-02 08:00:00,,,,,,,,,10.0,,,1
2026-07-02 09:00:00,,,,,,,,,10.0,,,1
2026-07-02 10:00:00,,,,,,,,,10.0,,,1
2026-07-02 11:00:00,,,,,,,,,10.0,,,1
2026-07-02 12:00:00,,,,,,,,,10.0,,,1
2026-07-02 13:00:00,,,,,,,,,10.0,,,1
2026-07-02 14:00:00,,,,,,,,,10.0,,,1
2026-07-02 15:00:00,,,,,,,,,10.0,,,1
2026-07-02 16:00:00,,,,,,,,,10.0,,,1
2026-07-02 17:00:00,,,,,,,,,10.0,,,1
2026-07-02 18:00:00,,,,,,,,,10.0,,,1
2026-07-02 19:00:00,,,,,,,,,10.0,,,0
2026-07-02 20:00:00,,,,,,,,,10.0,,,0
2026-07-02 21:00:00,,,,,,,,,10.0,,,0
2026-07-02 22:00:00,,,,,,,,,10.0,,,0
2026-07-02 23:00:00,,,,,,,,,10.0,,,0
2026-07-03 00:00:00,,,,,,,,,10.0,,,0
2026-07-03 01:00:00,,,,,,,,,10.0,,,0
2026-07-03 02:00:00,,,,,,,,,10.0,,,0
2026-07-03 03:00:00,,,,,,,,,10.0,,,0
2026-07-03 04:00:00,,,,,,,,,10.0,,,0
2026-07-03 05:00:00,,,,,,,,,10.0,,,0
2026-07-03 06:00:00,,,,,,,,,10.0,,,1
2026-07-03 07:00:00,,,,,,,,,10.0,,,1
2026-07-03 08:00:00,,,,,,,,,10.0,,,1
2026-07-03 09:00:00,,,,,,,,,10.0,,,1
2026-07-03 10:00:00,,,,,,,,,10.0,,,1
2026-07-03 11:00:00,,,,,,,,,10.0,,,1
2026-07-03 12:00:00,,,,,,,,,10.0,,,1
2026-07-03 13:00:00,,,,,,,,,10.0,,,1
2026-07-03 14:00:00,,,,,,,,,10.0,,,1
2026-07-03 15:00:00,,,,,,,,,10.0,,,1
2026-07-03 16:00:00,,,,,,,,,10.0,,,1
2026-07-03 17:00:00,,,,,,,,,10.0,,,1
2026-07-03 18:00:00,,,,,,,,,10.0,,,1
2026-07-03 19:00:00,,,,,,,,,10.0,,,0
2026-07-03 20:00:00,,,,,,,,,10.0,,,0
2026-07-03 21:00:00,,,,,,,,,10.0,,,0
2026-07-03 22:00:00,,,,,,,,,10.0,,,0
2026-07-03 23:00:00,,,,,,,,,10.0,,,0
2026-07-04 00:00:00,,,,,,,,,10.0,,,0
2026-07-04 01:00:00,,,,,,,,,10.0,,,0
2026-07-04 02:00:00,,,,,,,,,10.0,,,0
2026-07-04 03:00:00,,,,,,,,,10.0,,,0
2026-07-04 04:00:00,,,,,,,,,10.0,,,0
2026-07-04 05:00:00,,,,,,,,,10.0,,,0
2026-07-04 06:00:00,,,,,,,,,10.0,,,1
2026-07-04 07:00:00,,,,,,,,,10.0,,,1
2026-07-04 08:00:00,,,,,,,,,10.0,,,1
2026-07-04 09:00:00,,,,,,,,,10.0,,,1
2026-07-04 10:00:00,,,,,,,,,10.0,,,1
2026-07-04 11:00:00,,,,,,,,,10.0,,,1
2026-07-04 12:00:00,,,,,,,,,10.0,,,1
2026-07-04 13:00:00,,,,,,,,,10.0,,,1
2026-07-04 14:00:00,,,,,,,,,10.0,,,1
2026-07-04 15:00:00,,,,,,,,,10.0,,,1
2026-07-04 16:00:00,,,,,,,,,10.0,,,1
2026-07-04 17:00:00,,,,,,,,,10.0,,,1
2026-07-04 18:00:00,,,,,,,,,10.0,,,1
2026-07-04 19:00:00,,,,,,,,,10.0,,,0
2026-07-04 20:00:00,,,,,,,,,10.0,,,0
2026-07-04 21:00:00,,,,,,,,,10.0,,,0
2026-07-04 22:00:00,,,,,,,,,10.0,,,0
2026-07-04 23:00:00,,,,,,,,,10.0,,,0
2026-07-05 00:00:00,,,,,,,,,10.0,,,0
2026-07-05 01:00:00,,,,,,,,,10.0,,,0
2026-07-05 02:00:00,,,,,,,,,10.0,,,0
2026-07-05 03:00:00,,,,,,,,,10.0,,,0
2026-07-05 04:00:00,,,,,,,,,10.0,,,0
2026-07-05 05:00:00,,,,,,,,,10.0,,,0
2026-07-05 06:00:00,,,,,,,,,10.0,,,1
2026-07-05 07:00:00,,,,,,,,,10.0,,,1
2026-07-05 08:00:00,,,,,,,,,10.0,,,1
2026-07-05 09:00:00,,,,,,,,,10.0,,,1
2026-07-05 10:00:00,,,,,,,,,10.0,,,1
2026-07-05 11:00:00,,,,,,,,,10.0,,,1
2026-07-05 12:00:00,,,,,,,,,10.0,,,1
2026-07-05 13:00:00,,,,,,,,,10.0,,,1
2026-07-05 14:00:00,,,,,,,,,10.0,,,1
2026-07-05 15:00:00,,,,,,,,,10.0,,,1
2026-07-05 16:00:00,,,,,,,,,10.0,,,1
2026-07-05 17:00:00,,,,,,,,,10.0,,,1
2026-07-05 18:00:00,,,,,,,,,10.0,,,1
2026-07-05 19:00:00,,,,,,,,,10.0,,,0
2026-07-05 20:00:00,,,,,,,,,10.0,,,0
2026-07-05 21:00:00,,,,,,,,,10.0,,,0
2026-07-05 22:00:00,,,,,,,,,10.0,,,0
2026-07-05 23:00:00,,,,,,,,,10.0,,,0
2026-07-06 00:00:00,,,,,,,,,10.0,,,0
2026-07-06 01:00:00,,,,,,,,,10.0,,,0
2026-07-06 02:00:00,,,,,,,,,10.0,,,0
2026-07-06 03:00:00,,,,,,,,,10.0,,,0
2026-07-06 04:00:00,,,,,,,,,10.0,,,0
2026-07-06 05:00:00,,,,,,,,,10.0,,,0
2026-07-06 06:00:00,,,,,,,,,10.0,,,1
2026-07-06 07:00:00,,,,,,,,,10.0,,,1
2026-07-06 08:00:00,,,,,,,,,10.0,,,1
2026-07-06 09:00:00,,,,,,,,,10.0,,,1
2026-07-06 10:00:00,,,,,,,,,10.0,,,1
2026-07-06 11:00:00,,,,,,,,,10.0,,,1
2026-07-06 12:00:00,,,,,,,,,10.0,,,1
2026-07-06 13:00:00,,,,,,,,,10.0,,,1
2026-07-06 14:00:00,,,,,,,,,10.0,,,1
2026-07-06 15:00:00,,,,,,,,,10.0,,,1
2026-07-06 16:00:00,,,,,,,,,10.0,,,1
2026-07-06 17:00:00,,,,,,,,,10.0,,,1
2026-07-06 18:00:00,,,,,,,,,10.0,,,1
2026-07-06 19:00:00,,,,,,,,,10.0,,,0
2026-07-06 20:00:00,,,,,,,,,10.0,,,0
2026-07-06 21:00:00,,,,,,,,,10.0,,,0
2026-07-06 22:00:00,,,,,,,,,10.0,,,0
2026-07-06 23:00:00,,,,,,,,,10.0,,,0
2026-07-07 00:00:00,,,,,,,,,10.0,,,0
2026-07-07 01:00:00,,,,,,,,,10.0,,,0
2026-07-07 02:00:00,,,,,,,,,10.0,,,0
2026-07-07 03:00:00,,,,,,,,,10.0,,,0
2026-07-07 04:00:00,,,,,,,,,10.0,,,0
2026-07-07 05:00:00,,,,,,,,,10.0,,,0
2026-07-07 06:00:00,,,,,,,,,10.0,,,1
2026-07-07 07:00:00,,,,,,,,,10.0,,,1
2026-07-07 08:00:00,,,,,,,,,10.0,,,1
2026-07-07 09:00:00,,,,,,,,,10.0,,,1
2026-07-07 10:00:00,,,,,,,,,10.0,,,1
2026-07-07 11:00:00,,,,,,,,,10.0,,,1
2026-07-07 12:00:00,,,,,,,,,10.0,,,1
2026-07-07 13:00:00,,,,,,,,,10.0,,,1
2026-07-07 14:00:00,,,,,,,,,10.0,,,1
2026-07-07 15:00:00,,,,,,,,,10.0,,,1
2026-07-07 16:00:00,,,,,,,,,10.0,,,1
2026-07-07 17:00:00,,,,,,,,,10.0,,,1
2026-07-07 18:00:00,,,,,,,,,10.0,,,1
2026-07-07 19:00:00,,,,,,,,,10.0,,,0
2026-07-07 20:00:00,,,,,,,,,10.0,,,0
2026-07-07 21:00:00,,,,,,,,,10.0,,,0
2026-07-07 22:00:00,,,,,,,,,10.0,,,0
2026-07-07 23:00:00,,,,,,,,,10.0,,,0
2026-07-08 00:00:00,,,,,,,,,10.0,,,0
2026-07-08 01:00:00,,,,,,,,,10.0,,,0
2026-07-08 02:00:00,,,,,,,,,10.0,,,0
2026-07-08 03:00:00,,,,,,,,,10.0,,,0
2026-07-08 04:00:00,,,,,,,,,10.0,,,0
2026-07-08 05:00:00,,,,,,,,,10.0,,,0
2026-07-08 06:00:00,,,,,,,,,10.0,,,1
2026-07-08 07:00:00,,,,,,,,,10.0,,,1
2026-07-08 08:00:00,,,,,,,,,10.0,,,1
2026-07-08 09:00:00,,,,,,,,,10.0,,,1
2026-07-08 10:00:00,,,,,,,,,10.0,,,1
2026-07-08 11:00:00,,,,,,,,,10.0,,,1
2026-07-08 12:00:00,,,,,,,,,10.0,,,1
2026-07-08 13:00:00,,,,,,,,,10.0,,,1
2026-07-08 14:00:00,,,,,,,,,10.0,,,1
2026-07-08 15:00:00,,,,,,,,,10.0,,,1
2026-07-08 16:00:00,,,,,,,,,10.0,,,1
2026-07-08 17:00:00,,,,,,,,,10.0,,,1
2026-07-08 18:00:00,,,,,,,,,10.0,,,1
2026-07-08 19:00:00,,,,,,,,,10.0,,,0
2026-07-08 20:00:00,,,,,,,,,10.0,,,0
2026-07-08 21:00:00,,,,,,,,,10.0,,,0
2026-07-08 22:00:00,,,,,,,,,10.0,,,0
2026-07-08 23:00:00,,,,,,,,,10.0,,,0
2026-07-09 00:00:00,,,,,,,,,10.0,,,0
2026-07-09 01:00:00,,,,,,,,,10.0,,,0
2026-07-09 02:00:00,,,,,,,,,10.0,,,0
2026-07-09 03:00:00,,,,,,,,,10.0,,,0
2026-07-09 04:00:00,,,,,,,,,10.0,,,0
2026-07-09 05:00:00,,,,,,,,,10.0,,,0
2026-07-09 06:00:00,,,,,,,,,10.0,,,1
2026-07-09 07:00:00,,,,,,,,,10.0,,,1
2026-07-09 08:00:00,,,,,,,,,10.0,,,1
2026-07-09 09:00:00,,,,,,,,,10.0,,,1
2026-07-09 10:00:00,,,,,,,,,10.0,,,1
2026-07-09 11:00:00,,,,,,,,,10.0,,,1
2026-07-09 12:00:00,,,,,,,,,10.0,,,1
2026-07-09 13:00:00,,,,,,,,,10.0,,,1
2026-07-09 14:00:00,,,,,,,,,10.0,,,1
2026-07-09 15:00:00,,,,,,,,,10.0,,,1
2026-07-09 16:00:00,,,,,,,,,10.0,,,1
2026-07-09 17:00:00,,,,,,,,,10.0,,,1
2026-07-09 18:00:00,,,,,,,,,10.0,,,1
2026-07-09 19:00:00,,,,,,,,,10.0,,,0
2026-07-09 20:00:00,,,,,,,,,10.0,,,0
2026-07-09 21:00:00,,,,,,,,,10.0,,,0
2026-07-09 22:00:00,,,,,,,,,10.0,,,0
2026-07-09 23:00:00,,,,,,,,,10.0,,,0
2026-07-10 00:00:00,,,,,,,,,10.0,,,0
2026-07-10 01:00:00,,,,,,,,,10.0,,,0
2026-07-10 02:00:00,,,,,,,,,10.0,,,0
2026-07-10 03:00:00,,,,,,,,,10.0,,,0
2026-07-10 04:00:00,,,,,,,,,10.0,,,0
2026-07-10 05:00:00,,,,,,,,,10.0,,,0
2026-07-10 06:00:00,,,,,,,,,10.0,,,1
2026-07-10 07:00:00,,,,,,,,,10.0,,,1
2026-07-10 08:00:00,,,,,,,,,10.0,,,1
2026-07-10 09:00:00,,,,,,,,,10.0,,,1
2026-07-10 10:00:00,,,,,,,,,10.0,,,1
2026-07-10 11:00:00,,,,,,,,,10.0,,,1
2026-07-10 12:00:00,,,,,,,,,10.0,,,1
2026-07-10 13:00:00,,,,,,,,,10.0,,,1
2026-07-10 14:00:00,,,,,,,,,10.0,,,1
2026-07-10 15:00:00,,,,,,,,,10.0,,,1
2026-07-10 16:00:00,,,,,,,,,10.0,,,1
2026-07-10 17:00:00,,,,,,,,,10.0,,,1
2026-07-10 18:00:00,,,,,,,,,10.0,,,1
2026-07-10 19:00:00,,,,,,,,,10.0,,,0
2026-07-10 20:00:00,,,,,,,,,10.0,,,0
2026-07-10 21:00:00,,,,,,,,,10.0,,,0
2026-07-10 22:00:00,,,,,,,,,10.0,,,0
2026-07-10 23:00:00,,,,,,,,,10.0,,,0
2026-07-11 00:00:00,,,,,,,,,10.0,,,0
2026-07-11 01:00:00,,,,,,,,,10.0,,,0
2026-07-11 02:00:00,,,,,,,,,10.0,,,0
2026-07-11 03:00:00,,,,,,,,,10.0,,,0
2026-07-11 04:00:00,,,,,,,,,10.0,,,0
2026-07-11 05:00:00,,,,,,,,,10.0,,,0
2026-07-11 06:00:00,,,,,,,,,10.0,,,1
2026-07-11 07:00:00,,,,,,,,,10.0,,,1
2026-07-11 08:00:00,,,,,,,,,10.0,,,1
2026-07-11 09:00:00,,,,,,,,,10.0,,,1
2026-07-11 10:00:00,,,,,,,,,10.0,,,1
2026-07-11 11:00:00,,,,,,,,,10.0,,,1
2026-07-11 12:00:00,,,,,,,,,10.0,,,1
2026-07-11 13:00:00,,,,,,,,,10.0,,,1
2026-07-11 14:00:00,,,,,,,,,10.0,,,1
2026-07-11 15:00:00,,,,,,,,,10.0,,,1
2026-07-11 16:00:00,,,,,,,,,10.0,,,1
2026-07-11 17:00:00,,,,,,,,,10.0,,,1
2026-07-11 18:00:00,,,,,,,,,10.0,,,1
2026-07-11 19:00:00,,,,,,,,,10.0,,,0
2026-07-11 20:00:00,,,,,,,,,10.0,,,0
2026-07-11 21:00:00,,,,,,,,,10.0,,,0
2026-07-11 22:00:00,,,,,,,,,10.0,,,0
2026-07-11 23:00:00,,,,,,,,,10.0,,,0
2026-07-12 00:00:00,,,,,,,,,10.0,,,0
2026-07-12 01:00:00,,,,,,,,,10.0,,,0
2026-07-12 02:00:00,,,,,,,,,10.0,,,0
2026-07-12 03:00:00,,,,,,,,,10.0,,,0
2026-07-12 04:00:00,,,,,,,,,10.0,,,0
2026-07-12 05:00:00,,,,,,,,,10.0,,,0
2026-07-12 06:00:00,,,,,,,,,10.0,,,1
2026-07-12 07:00:00,,,,,,,,,10.0,,,1
2026-07-12 08:00:00,,,,,,,,,10.0,,,1
2026-07-12 09:00:00,,,,,,,,,10.0,,,1
2026-07-12 10:00:00,,,,,,,,,10.0,,,1
2026-07-12 11:00:00,,,,,,,,,10.0,,,1
2026-07-12 12:00:00,,,,,,,,,10.0,,,1
2026-07-12 13:00:00,,,,,,,,,10.0,,,1
2026-07-12 14:00:00,,,,,,,,,10.0,,,1
2026-07-12 15:00:00,,,,,,,,,10.0,,,1
2026-07-12 16:00:00,,,,,,,,,10.0,,,1
2026-07-12 17:00:00,,,,,,,,,10.0,,,1
2026-07-12 18:00:00,,,,,,,,,10.0,,,1
2026-07-12 19:00:00,,,,,,,,,10.0,,,0
2026-07-12 20:00:00,,,,,,,,,10.0,,,0
2026-07-12 21:00:00,,,,,,,,,10.0,,,0
2026-07-12 22:00:00,,,,,,,,,10.0,,,0
2026-07-12 23:00:00,,,,,,,,,10.0,,,0
2026-07-13 00:00:00,,,,,,,,,10.0,,,0
2026-07-13 01:00:00,,,,,,,,,10.0,,,0
2026-07-13 02:00:00,,,,,,,,,10.0,,,0
2026-07-13 03:00:00,,,,,,,,,10.0,,,0
2026-07-13 04:00:00,,,,,,,,,10.0,,,0
2026-07-13 05:00:00,,,,,,,,,10.0,,,0
2026-07-13 06:00:00,,,,,,,,,10.0,,,1
2026-07-13 07:00:00,,,,,,,,,10.0,,,1
2026-07-13 08:00:00,,,,,,,,,10.0,,,1
2026-07-13 09:00:00,,,,,,,,,10.0,,,1
2026-07-13 10:00:00,,,,,,,,,10.0,,,1
2026-07-13 11:00:00,,,,,,,,,10.0,,,1
2026-07-13 12:00:00,,,,,,,,,10.0,,,1
2026-07-13 13:00:00,,,,,,,,,10.0,,,1
2026-07-13 14:00:00,,,,,,,,,10.0,,,1
2026-07-13 15:00:00,,,,,,,,,10.0,,,1
2026-07-13 16:00:00,,,,,,,,,10.0,,,1
2026-07-13 17:00:00,,,,,,,,,10.0,,,1
2026-07-13 18:00:00,,,,,,,,,10.0,,,1
2026-07-13 19:00:00,,,,,,,,,10.0,,,0
2026-07-13 20:00:00,,,,,,,,,10.0,,,0
2026-07-13 21:00:00,,,,,,,,,10.0,,,0
2026-07-13 22:00:00,,,,,,,,,10.0,,,0
2026-07-13 23:00:00,,,,,,,,,10.0,,,0
2026-07-14 00:00:00,,,,,,,,,10.0,,,0
2026-07-14 01:00:00,,,,,,,,,10.0,,,0
2026-07-14 02:00:00,,,,,,,,,10.0,,,0
2026-07-14 03:00:00,,,,,,,,,10.0,,,0
2026-07-14 04:00:00,,,,,,,,,10.0,,,0
2026-07-14 05:00:00,,,,,,,,,10.0,,,0
2026-07-14 06:00:00,,,,,,,,,10.0,,,1
2026-07-14 07:00:00,,,,,,,,,10.0,,,1
2026-07-14 08:00:00,,,,,,,,,10.0,,,1
2026-07-14 09:00:00,,,,,,,,,10.0,,,1
2026-07-14 10:00:00,,,,,,,,,10.0,,,1
2026-07-14 11:00:00,,,,,,,,,10.0,,,1
2026-07-14 12:00:00,,,,,,,,,10.0,,,1
2026-07-14 13:00:00,,,,,,,,,10.0,,,1
2026-07-14 14:00:00,,,,,,,,,10.0,,,1
2026-07-14 15:00:00,,,,,,,,,10.0,,,1
2026-07-14 16:00:00,,,,,,,,,10.0,,,1
2026-07-14 17:00:00,,,,,,,,,10.0,,,1
2026-07-14 18:00:00,,,,,,,,,10.0,,,1
2026-07-14 19:00:00,,,,,,,,,10.0,,,0
2026-07-14 20:00:00,,,,,,,,,10.0,,,0
2026-07-14 21:00:00,,,,,,,,,10.0,,,0
2026-07-14 22:00:00,,,,,,,,,10.0,,,0
2026-07-14 23:00:00,,,,,,,,,10.0,,,0
2026-07-15 00:00:00,,,,,,,,,10.0,,,0
2026-07-15 01:00:00,,,,,,,,,10.0,,,0
2026-07-15 02:00:00,,,,,,,,,10.0,,,0
2026-07-15 03:00:00,,,,,,,,,10.0,,,0
2026-07-15 04:00:00,,,,,,,,,10.0,,,0
2026-07-15 05:00:00,,,,,,,,,10.0,,,0
2026-07-15 06:00:00,,,,,,,,,10.0,,,1
2026-07-15 07:00:00,,,,,,,,,10.0,,,1
2026-07-15 08:00:00,,,,,,,,,10.0,,,1
2026-07-15 09:00:00,,,,,,,,,10.0,,,1
2026-07-15 10:00:00,,,,,,,,,10.0,,,1
2026-07-15 11:00:00,,,,,,,,,10.0,,,1
2026-07-15 12:00:00,,,,,,,,,10.0,,,1
2026-07-15 13:00:00,,,,,,,,,10.0,,,1
2026-07-15 14:00:00,,,,,,,,,10.0,,,1
2026-07-15 15:00:00,,,,,,,,,10.0,,,1
2026-07-15 16:00:00,,,,,,,,,10.0,,,1
2026-07-15 17:00:00,,,,,,,,,10.0,,,1
2026-07-15 18:00:00,,,,,,,,,10.0,,,1
2026-07-15 19:00:00,,,,,,,,,10.0,,,0
2026-07-15 20:00:00,,,,,,,,,10.0,,,0
2026-07-15 21:00:00,,,,,,,,,10.0,,,0
2026-07-15 22:00:00,,,,,,,,,10.0,,,0
2026-07-15 23:00:00,,,,,,,,,10.0,,,0
2026-07-16 00:00:00,,,,,,,,,10.0,,,0
2026-07-16 01:00:00,,,,,,,,,10.0,,,0
2026-07-16 02:00:00,,,,,,,,,10.0,,,0
2026-07-16 03:00:00,,,,,,,,,10.0,,,0
2026-07-16 04:00:00,,,,,,,,,10.0,,,0
2026-07-16 05:00:00,,,,,,,,,10.0,,,0
2026-07-16 06:00:00,,,,,,,,,10.0,,,1
2026-07-16 07:00:00,,,,,,,,,10.0,,,1
2026-07-16 08:00:00,,,,,,,,,10.0,,,1
2026-07-16 09:00:00,,,,,,,,,10.0,,,1
2026-07-16 10:00:00,,,,,,,,,10.0,,,1
2026-07-16 11:00:00,,,,,,,,,10.0,,,1
2026-07-16 12:00:00,,,,,,,,,10.0,,,1
2026-07-16 13:00:00,,,,,,,,,10.0,,,1
2026-07-16 14:00:00,,,,,,,,,10.0,,,1
2026-07-16 15:00:00,,,,,,,,,10.0,,,1
2026-07-16 16:00:00,,,,,,,,,10.0,,,1
2026-07-16 17:00:00,,,,,,,,,10.0,,,1
2026-07-16 18:00:00,,,,,,,,,10.0,,,1
2026-07-16 19:00:00,,,,,,,,,10.0,,,0
2026-07-16 20:00:00,,,,,,,,,10.0,,,0
2026-07-16 21:00:00,,,,,,,,,10.0,,,0
2026-07-16 22:00:00,,,,,,,,,10.0,,,0
2026-07-16 23:00:00,,,,,,,,,10.0,,,0
2026-07-17 00:00:00,,,,,,,,,10.0,,,0
2026-07-17 01:00:00,,,,,,,,,10.0,,,0
2026-07-17 02:00:00,,,,,,,,,10.0,,,0
2026-07-17 03:00:00,,,,,,,,,10.0,,,0
2026-07-17 04:00:00,,,,,,,,,10.0,,,0
2026-07-17 05:00:00,,,,,,,,,10.0,,,0
2026-07-17 06:00:00,,,,,,,,,10.0,,,1
2026-07-17 07:00:00,,,,,,,,,10.0,,,1
2026-07-17 08:00:00,,,,,,,,,10.0,,,1
2026-07-17 09:00:00,,,,,,,,,10.0,,,1
2026-07-17 10:00:00,,,,,,,,,10.0,,,1
2026-07-17 11:00:00,,,,,,,,,10.0,,,1
2026-07-17 12:00:00,,,,,,,,,10.0,,,1
2026-07-17 13:00:00,,,,,,,,,10.0,,,1
2026-07-17 14:00:00,,,,,,,,,10.0,,,1
2026-07-17 15:00:00,,,,,,,,,10.0,,,1
2026-07-17 16:00:00,,,,,,,,,10.0,,,1
2026-07-17 17:00:00,,,,,,,,,10.0,,,1
2026-07-17 18:00:00,,,,,,,,,10.0,,,1
2026-07-17 19:00:00,,,,,,,,,10.0,,,0
2026-07-17 20:00:00,,,,,,,,,10.0,,,0
2026-07-17 21:00:00,,,,,,,,,10.0,,,0
2026-07-17 22:00:00,,,,,,,,,10.0,,,0
2026-07-17 23:00:00,,,,,,,,,10.0,,,0
2026-07-18 00:00:00,,,,,,,,,10.0,,,0
2026-07-18 01:00:00,,,,,,,,,10.0,,,0
2026-07-18 02:00:00,,,,,,,,,10.0,,,0
2026-07-18 03:00:00,,,,,,,,,10.0,,,0
2026-07-18 04:00:00,,,,,,,,,10.0,,,0
2026-07-18 05:00:00,,,,,,,,,10.0,,,0
2026-07-18 06:00:00,,,,,,,,,10.0,,,1
2026-07-18 07:00:00,,,,,,,,,10.0,,,1
2026-07-18 08:00:00,,,,,,,,,10.0,,,1
2026-07-18 09:00:00,,,,,,,,,10.0,,,1
2026-07-18 10:00:00,,,,,,,,,10.0,,,1
2026-07-18 11:00:00,,,,,,,,,10.0,,,1
2026-07-18 12:00:00,,,,,,,,,10.0,,,1
2026-07-18 13:00:00,,,,,,,,,10.0,,,1
2026-07-18 14:00:00,,,,,,,,,10.0,,,1
2026-07-18 15:00:00,,,,,,,,,10.0,,,1
2026-07-18 16:00:00,,,,,,,,,10.0,,,1
2026-07-18 17:00:00,,,,,,,,,10.0,,,1
2026-07-18 18:00:00,,,,,,,,,10.0,,,1
2026-07-18 19:00:00,,,,,,,,,10.0,,,0
2026-07-18 20:00:00,,,,,,,,,10.0,,,0
2026-07-18 21:00:00,,,,,,,,,10.0,,,0
2026-07-18 22:00:00,,,,,,,,,10.0,,,0
2026-07-18 23:00:00,,,,,,,,,10.0,,,0
2026-07-19 00:00:00,,,,,,,,,10.0,,,0
2026-07-19 01:00:00,,,,,,,,,10.0,,,0
2026-07-19 02:00:00,,,,,,,,,10.0,,,0
2026-07-19 03:00:00,,,,,,,,,10.0,,,0
2026-07-19 04:00:00,,,,,,,,,10.0,,,0
2026-07-19 05:00:00,,,,,,,,,10.0,,,0
2026-07-19 06:00:00,,,,,,,,,10.0,,,1
2026-07-19 07:00:00,,,,,,,,,10.0,,,1
2026-07-19 08:00:00,,,,,,,,,10.0,,,1
2026-07-19 09:00:00,,,,,,,,,10.0,,,1
2026-07-19 10:00:00,,,,,,,,,10.0,,,1
2026-07-19 11:00:00,,,,,,,,,10.0,,,1
2026-07-19 12:00:00,,,,,,,,,10.0,,,1
2026-07-19 13:00:00,,,,,,,,,10.0,,,1
2026-07-19 14:00:00,,,,,,,,,10.0,,,1
2026-07-19 15:00:00,,,,,,,,,10.0,,,1
2026-07-19 16:00:00,,,,,,,,,10.0,,,1
2026-07-19 17:00:00,,,,,,,,,10.0,,,1
2026-07-19 18:00:00,,,,,,,,,10.0,,,1
2026-07-19 19:00:00,,,,,,,,,10.0,,,0
2026-07-19 20:00:00,,,,,,,,,10.0,,,0
2026-07-19 21:00:00,,,,,,,,,10.0,,,0
2026-07-19 22:00:00,,,,,,,,,10.0,,,0
2026-07-19 23:00:00,,,,,,,,,10.0,,,0
2026-07-20 00:00:00,,,,,,,,,10.0,,,0
2026-07-20 01:00:00,,,,,,,,,10.0,,,0
2026-07-20 02:00:00,,,,,,,,,10.0,,,0
2026-07-20 03:00:00,,,,,,,,,10.0,,,0
2026-07-20 04:00:00,,,,,,,,,10.0,,,0
2026-07-20 05:00:00,,,,,,,,,10.0,,,0
2026-07-20 06:00:00,,,,,,,,,10.0,,,1
2026-07-20 07:00:00,,,,,,,,,10.0,,,1
2026-07-20 08:00:00,,,,,,,,,10.0,,,1
2026-07-20 09:00:00,,,,,,,,,10.0,,,1
2026-07-20 10:00:00,,,,,,,,,10.0,,,1
2026-07-20 11:00:00,,,,,,,,,10.0,,,1
2026-07-20 12:00:00,,,,,,,,,10.0,,,1
2026-07-20 13:00:00,,,,,,,,,10.0,,,1
2026-07-20 14:00:00,,,,,,,,,10.0,,,1
2026-07-20 15:00:00,,,,,,,,,10.0,,,1
2026-07-20 16:00:00,,,,,,,,,10.0,,,1
2026-07-20 17:00:00,,,,,,,,,10.0,,,1
2026-07-20 18:00:00,,,,,,,,,10.0,,,1
2026-07-20 19:00:00,,,,,,,,,10.0,,,0
2026-07-20 20:00:00,,,,,,,,,10.0,,,0
2026-07-20 21:00:00,,,,,,,,,10.0,,,0
2026-07-20 22:00:00,,,,,,,,,10.0,,,0
2026-07-20 23:00:00,,,,,,,,,10.0,,,0
2026-07-21 00:00:00,,,,,,,,,10.0,,,0
2026-07-21 01:00:00,,,,,,,,,10.0,,,0
2026-07-21 02:00:00,,,,,,,,,10.0,,,0
2026-07-21 03:00:00,,,,,,,,,10.0,,,0
2026-07-21 04:00:00,,,,,,,,,10.0,,,0
2026-07-21 05:00:00,,,,,,,,,10.0,,,0
2026-07-21 06:00:00,,,,,,,,,10.0,,,1
2026-07-21 07:00:00,,,,,,,,,10.0,,,1
2026-07-21 08:00:00,,,,,,,,,10.0,,,1
2026-07-21 09:00:00,,,,,,,,,10.0,,,1
2026-07-21 10:00:00,,,,,,,,,10.0,,,1
2026-07-21 11:00:00,,,,,,,,,10.0,,,1
2026-07-21 12:00:00,,,,,,,,,10.0,,,1
2026-07-21 13:00:00,,,,,,,,,10.0,,,1
2026-07-21 14:00:00,,,,,,,,,10.0,,,1
2026-07-21 15:00:00,,,,,,,,,10.0,,,1
2026-07-21 16:00:00,,,,,,,,,10.0,,,1
2026-07-21 17:00:00,,,,,,,,,10.0,,,1
2026-07-21 18:00:00,,,,,,,,,10.0,,,1
2026-07-21 19:00:00,,,,,,,,,10.0,,,0
2026-07-21 20:00:00,,,,,,,,,10.0,,,0
2026-07-21 21:00:00,,,,,,,,,10.0,,,0
2026-07-21 22:00:00,,,,,,,,,10.0,,,0
2026-07-21 23:00:00,,,,,,,,,10.0,,,0
2026-07-22 00:00:00,,,,,,,,,10.0,,,0
2026-07-22 01:00:00,,,,,,,,,10.0,,,0
2026-07-22 02:00:00,,,,,,,,,10.0,,,0
2026-07-22 03:00:00,,,,,,,,,10.0,,,0
2026-07-22 04:00:00,,,,,,,,,10.0,,,0
2026-07-22 05:00:00,,,,,,,,,10.0,,,0
2026-07-22 06:00:00,,,,,,,,,10.0,,,1
2026-07-22 07:00:00,,,,,,,,,10.0,,,1
2026-07-22 08:00:00,,,,,,,,,10.0,,,1
2026-07-22 09:00:00,,,,,,,,,10.0,,,1
2026-07-22 10:00:00,,,,,,,,,10.0,,,1
2026-07-22 11:00:00,,,,,,,,,10.0,,,1
2026-07-22 12:00:00,,,,,,,,,10.0,,,1
2026-07-22 13:00:00,,,,,,,,,10.0,,,1
2026-07-22 14:00:00,,,,,,,,,10.0,,,1
2026-07-22 15:00:00,,,,,,,,,10.0,,,1
2026-07-22 16:00:00,,,,,,,,,10.0,,,1
2026-07-22 17:00:00,,,,,,,,,10.0,,,1
2026-07-22 18:00:00,,,,,,,,,10.0,,,1
2026-07-22 19:00:00,,,,,,,,,10.0,,,0
2026-07-22 20:00:00,,,,,,,,,10.0,,,0
2026-07-22 21:00:00,,,,,,,,,10.0,,,0
2026-07-22 22:00:00,,,,,,,,,10.0,,,0
2026-07-22 23:00:00,,,,,,,,,10.0,,,0
2026-07-23 00:00:00,,,,,,,,,10.0,,,0
2026-07-23 01:00:00,,,,,,,,,10.0,,,0
2026-07-23 02:00:00,,,,,,,,,10.0,,,0
2026-07-23 03:00:00,,,,,,,,,10.0,,,0
2026-07-23 04:00:00,,,,,,,,,10.0,,,0
2026-07-23 05:00:00,,,,,,,,,10.0,,,0
2026-07-23 06:00:00,,,,,,,,,10.0,,,1
2026-07-23 07:00:00,,,,,,,,,10.0,,,1
2026-07-23 08:00:00,,,,,,,,,10.0,,,1
2026-07-23 09:00:00,,,,,,,,,10.0,,,1
2026-07-23 10:00:00,,,,,,,,,10.0,,,1
2026-07-23 11:00:00,,,,,,,,,10.0,,,1
2026-07-23 12:00:00,,,,,,,,,10.0,,,1
2026-07-23 13:00:00,,,,,,,,,10.0,,,1
2026-07-23 14:00:00,,,,,,,,,10.0,,,1
2026-07-23 15:00:00,,,,,,,,,10.0,,,1
2026-07-23 16:00:00,,,,,,,,,10.0,,,1
2026-07-23 17:00:00,,,,,,,,,10.0,,,1
2026-07-23 18:00:00,,,,,,,,,10.0,,,1
2026-07-23 19:00:00,,,,,,,,,10.0,,,0
2026-07-23 20:00:00,,,,,,,,,10.0,,,0
2026-07-23 21:00:00,,,,,,,,,10.0,,,0
2026-07-23 22:00:00,,,,,,,,,10.0,,,0
2026-07-23 23:00:00,,,,,,,,,10.0,,,0
2026-07-24 00:00:00,,,,,,,,,10.0,,,0
2026-07-24 01:00:00,,,,,,,,,10.0,,,0
2026-07-24 02:00:00,,,,,,,,,10.0,,,0
2026-07-24 03:00:00,,,,,,,,,10.0,,,0
2026-07-24 04:00:00,,,,,,,,,10.0,,,0
2026-07-24 05:00:00,,,,,,,,,10.0,,,0
2026-07-24 06:00:00,,,,,,,,,10.0,,,1
2026-07-24 07:00:00,,,,,,,,,10.0,,,1
2026-07-24 08:00:00,,,,,,,,,10.0,,,1
2026-07-24 09:00:00,,,,,,,,,10.0,,,1
2026-07-24 10:00:00,,,,,,,,,10.0,,,1
2026-07-24 11:00:00,,,,,,,,,10.0,,,1
2026-07-24 12:00:00,,,,,,,,,10.0,,,1
2026-07-24 13:00:00,,,,,,,,,10.0,,,1
2026-07-24 14:00:00,,,,,,,,,10.0,,,1
2026-07-24 15:00:00,,,,,,,,,10.0,,,1
2026-07-24 16:00:00,,,,,,,,,10.0,,,1
2026-07-24 17:00:00,,,,,,,,,10.0,,,1
2026-07-24 18:00:00,,,,,,,,,10.0,,,1
2026-07-24 19:00:00,,,,,,,,,10.0,,,0
2026-07-24 20:00:00,,,,,,,,,10.0,,,0
2026-07-24 21:00:00,,,,,,,,,10.0,,,0
2026-07-24 22:00:00,,,,,,,,,10.0,,,0
2026-07-24 23:00:00,,,,,,,,,10.0,,,0
2026-07-25 00:00:00,,,,,,,,,10.0,,,0
2026-07-25 01:00:00,,,,,,,,,10.0,,,0
2026-07-25 02:00:00,,,,,,,,,10.0,,,0
2026-07-25 03:00:00,,,,,,,,,10.0,,,0
2026-07-25 04:00:00,,,,,,,,,10.0,,,0
2026-07-25 05:00:00,,,,,,,,,10.0,,,0
2026-07-25 06:00:00,,,,,,,,,10.0,,,1
2026-07-25 07:00:00,,,,,,,,,10.0,,,1
2026-07-25 08:00:00,,,,,,,,,10.0,,,1
2026-07-25 09:00:00,,,,,,,,,10.0,,,1
2026-07-25 10:00:00,,,,,,,,,10.0,,,1
2026-07-25 11:00:00,,,,,,,,,10.0,,,1
2026-07-25 12:00:00,,,,,,,,,10.0,,,1
2026-07-25 13:00:00,,,,,,,,,10.0,,,1
2026-07-25 14:00:00,,,,,,,,,10.0,,,1
2026-07-25 15:00:00,,,,,,,,,10.0,,,1
2026-07-25 16:00:00,,,,,,,,,10.0,,,1
2026-07-25 17:00:00,,,,,,,,,10.0,,,1
2026-07-25 18:00:00,,,,,,,,,10.0,,,1
2026-07-25 19:00:00,,,,,,,,,10.0,,,0
2026-07-25 20:00:00,,,,,,,,,10.0,,,0
2026-07-25 21:00:00,,,,,,,,,10.0,,,0
2026-07-25 22:00:00,,,,,,,,,10.0,,,0
2026-07-25 23:00:00,,,,,,,,,10.0,,,0
2026-07-26 00:00:00,,,,,,,,,10.0,,,0
2026-07-26 01:00:00,,,,,,,,,10.0,,,0
2026-07-26 02:00:00,,,,,,,,,10.0,,,0
2026-07-26 03:00:00,,,,,,,,,10.0,,,0
2026-07-26 04:00:00,,,,,,,,,10.0,,,0
2026-07-26 05:00:00,,,,,,,,,10.0,,,0
2026-07-26 06:00:00,,,,,,,,,10.0,,,1
2026-07-26 07:00:00,,,,,,,,,10.0,,,1
2026-07-26 08:00:00,,,,,,,,,10.0,,,1
2026-07-26 09:00:00,,,,,,,,,10.0,,,1
2026-07-26 10:00:00,,,,,,,,,10.0,,,1
2026-07-26 11:00:00,,,,,,,,,10.0,,,1
2026-07-26 12:00:00,,,,,,,,,10.0,,,1
2026-07-26 13:00:00,,,,,,,,,10.0,,,1
2026-07-26 14:00:00,,,,,,,,,10.0,,,1
2026-07-26 15:00:00,,,,,,,,,10.0,,,1
2026-07-26 16:00:00,,,,,,,,,10.0,,,1
2026-07-26 17:00:00,,,,,,,,,10.0,,,1
2026-07-26 18:00:00,,,,,,,,,10.0,,,1
2026-07-26 19:00:00,,,,,,,,,10.0,,,0
2026-07-26 20:00:00,,,,,,,,,10.0,,,0
2026-07-26 21:00:00,,,,,,,,,10.0,,,0
2026-07-26 22:00:00,,,,,,,,,10.0,,,0
2026-07-26 23:00:00,,,,,,,,,10.0,,,0
2026-07-27 00:00:00,,,,,,,,,10.0,,,0
2026-07-27 01:00:00,,,,,,,,,10.0,,,0
2026-07-27 02:00:00,,,,,,,,,10.0,,,0
2026-07-27 03:00:00,,,,,,,,,10.0,,,0
2026-07-27 04:00:00,,,,,,,,,10.0,,,0
2026-07-27 05:00:00,,,,,,,,,10.0,,,0
2026-07-27 06:00:00,,,,,,,,,10.0,,,1
2026-07-27 07:00:00,,,,,,,,,10.0,,,1
2026-07-27 08:00:00,,,,,,,,,10.0,,,1
2026-07-27 09:00:00,,,,,,,,,10.0,,,1
2026-07-27 10:00:00,,,,,,,,,10.0,,,1
2026-07-27 11:00:00,,,,,,,,,10.0,,,1
2026-07-27 12:00:00,,,,,,,,,10.0,,,1
2026-07-27 13:00:00,,,,,,,,,10.0,,,1
2026-07-27 14:00:00,,,,,,,,,10.0,,,1
2026-07-27 15:00:00,,,,,,,,,10.0,,,1
2026-07-27 16:00:00,,,,,,,,,10.0,,,1
2026-07-27 17:00:00,,,,,,,,,10.0,,,1
2026-07-27 18:00:00,,,,,,,,,10.0,,,1
2026-07-27 19:00:00,,,,,,,,,10.0,,,0
2026-07-27 20:00:00,,,,,,,,,10.0,,,0
2026-07-27 21:00:00,24.3,28.5,90.0,943.9,6.8,245.0,0.0,97.0,10.0,,3.0,0
2026-07-27 22:00:00,24.2,28.5,91.0,944.5,6.6,241.0,0.0,94.0,10.0,,3.0,0
2026-07-27 23:00:00,24.4,28.6,91.0,944.3,7.9,254.0,0.0,100.0,10.0,,3.0,0
2026-07-28 00:00:00,24.3,28.5,91.0,943.9,8.2,247.0,0.3,100.0,10.0,,80.0,0
2026-07-28 01:00:00,24.2,28.2,91.0,943.1,9.3,242.0,0.3,97.0,10.0,,80.0,0
2026-07-28 02:00:00,24.2,28.1,91.0,942.5,9.5,245.0,0.2,96.0,10.0,,3.0,0
2026-07-28 03:00:00,24.0,27.6,91.0,942.1,11.0,247.0,0.2,92.0,10.0,,3.0,0
2026-07-28 04:00:00,23.9,27.3,90.0,942.0,11.4,246.0,0.1,95.0,10.0,,3.0,0
2026-07-28 05:00:00,24.0,27.8,92.0,942.6,10.1,253.0,0.0,97.0,10.0,,3.0,0
2026-07-28 06:00:00,23.9,27.5,91.0,942.7,10.2,247.0,0.0,92.0,10.0,,3.0,1
2026-07-28 07:00:00,24.2,27.9,90.0,943.1,10.5,248.0,0.0,85.0,10.0,,3.0,1
2026-07-28 08:00:00,24.8,27.9,88.0,943.4,15.3,251.0,0.0,86.0,10.0,,3.0,1
2026-07-28 09:00:00,25.4,28.2,85.0,944.0,17.1,255.0,0.0,90.0,10.0,,3.0,1
2026-07-28 10:00:00,25.8,28.8,85.0,944.2,17.1,255.0,0.3,87.0,10.0,,80.0,1
2026-07-28 11:00:00,26.6,30.2,84.0,944.1,15.6,255.0,0.3,95.0,10.0,,80.0,1
2026-07-28 12:00:00,25.9,29.5,86.0,943.7,14.2,254.0,0.7,100.0,10.0,,80.0,1
2026-07-28 13:00:00,25.5,29.4,90.0,943.3,14.1,257.0,1.1,100.0,10.0,,95.0,1
2026-07-28 14:00:00,25.3,28.9,89.0,942.9,14.1,255.0,1.1,100.0,10.0,,95.0,1
2026-07-28 15:00:00,25.1,28.7,90.0,942.3,14.4,257.0,1.1,100.0,10.0,,95.0,1
2026-07-28 16:00:00,25.3,28.7,89.0,941.7,15.4,259.0,0.5,100.0,10.0,,80.0,1
2026-07-28 17:00:00,25.1,28.4,89.0,941.6,15.7,259.0,0.5,100.0,10.0,,80.0,1
2026-07-28 18:00:00,24.8,28.4,90.0,941.8,13.6,259.0,0.2,100.0,10.0,,80.0,1
2026-07-28 19:00:00,24.6,28.2,90.0,942.7,12.4,260.0,0.1,100.0,10.0,,3.0,0
2026-07-28 20:00:00,24.4,27.9,90.0,943.4,12.1,260.0,0.0,100.0,10.0,,3.0,0
2026-07-28 21:00:00,24.2,28.0,90.0,943.8,9.6,257.0,0.0,100.0,10.0,,3.0,0
2026-07-28 22:00:00,24.1,27.9,91.0,944.0,10.3,258.0,0.0,100.0,10.0,,3.0,0
2026-07-28 23:00:00,24.0,27.4,91.0,944.1,12.0,254.0,0.0,100.0,10.0,,3.0,0
2026-07-29 00:00:00,23.8,27.0,91.0,943.5,12.3,255.0,0.0,100.0,10.0,,3.0,0
2026-07-29 01:00:00,23.7,26.8,91.0,943.2,12.5,258.0,0.0,100.0,10.0,,3.0,0
2026-07-29 02:00:00,23.6,26.8,92.0,942.3,12.5,258.0,0.0,100.0,10.0,,3.0,0
2026-07-29 03:00:00,23.6,26.8,91.0,941.8,12.6,257.0,0.0,100.0,10.0,,3.0,0
2026-07-29 04:00:00,23.6,26.8,91.0,941.6,12.6,257.0,0.0,100.0,13.18,0.0,3.0,0
2026-07-29 05:00:00,23.7,26.8,92.0,941.7,14.3,260.0,0.0,100.0,11.96,0.0,3.0,0
2026-07-29 06:00:00,23.8,27.0,92.0,942.2,13.4,262.0,0.0,100.0,14.54,0.0,3.0,1
2026-07-29 07:00:00,24.0,27.1,91.0,943.0,13.8,264.0,0.0,99.0,16.54,0.45,3.0,1
2026-07-29 08:00:00,24.4,27.3,90.0,943.6,16.3,264.0,0.0,99.0,24.14,1.75,3.0,1
2026-07-29 09:00:00,24.8,27.5,89.0,944.2,18.4,266.0,0.0,95.0,24.14,3.25,3.0,1
2026-07-29 10:00:00,25.4,27.7,85.0,944.2,20.6,264.0,0.0,91.0,24.14,4.85,3.0,1
2026-07-29 11:00:00,26.3,28.6,82.0,944.2,21.6,269.0,0.1,93.0,24.14,6.4,3.0,1
2026-07-29 12:00:00,26.5,28.7,81.0,943.5,22.0,266.0,0.1,94.0,13.6,7.05,3.0,1
2026-07-29 13:00:00,26.4,29.0,84.0,943.4,21.6,269.0,0.3,100.0,23.82,6.3,80.0,1
2026-07-29 14:00:00,26.0,28.6,85.0,942.9,21.3,266.0,0.8,100.0,16.54,5.0,80.0,1
2026-07-29 15:00:00,26.2,28.4,83.0,942.4,22.8,265.0,0.2,100.0,24.14,4.75,3.0,1
2026-07-29 16:00:00,25.8,28.2,84.0,941.3,21.4,263.0,0.0,100.0,16.38,3.55,3.0,1
2026-07-29 17:00:00,25.6,28.3,86.0,941.4,19.9,265.0,0.0,100.0,24.14,1.85,3.0,1
2026-07-29 18:00:00,25.1,27.9,88.0,941.6,18.4,266.0,0.0,100.0,23.24,0.8,3.0,1
2026-07-29 19:00:00,24.5,27.3,90.0,942.2,17.1,263.0,0.0,100.0,12.56,0.05,3.0,0
2026-07-29 20:00:00,24.2,27.3,91.0,942.5,15.6,263.0,0.0,100.0,12.12,0.0,3.0,0
2026-07-29 21:00:00,24.1,27.1,91.0,942.6,15.2,263.0,0.0,100.0,11.82,0.0,3.0,0
2026-07-29 22:00:00,24.0,27.0,91.0,942.7,15.2,265.0,0.0,100.0,10.56,0.0,3.0,0
2026-07-29 23:00:00,23.9,27.0,92.0,942.2,14.6,261.0,0.0,100.0,9.46,0.0,3.0,0
2026-07-30 00:00:00,23.9,26.9,91.0,942.0,14.5,263.0,0.0,100.0,15.02,0.0,3.0,0
2026-07-30 01:00:00,23.8,26.9,91.0,941.5,13.4,262.0,0.0,100.0,12.64,0.0,3.0,0
2026-07-30 02:00:00,23.8,27.0,91.0,941.2,13.0,264.0,0.0,100.0,10.56,0.0,3.0,0
2026-07-30 03:00:00,23.8,26.9,91.0,940.5,13.0,264.0,0.0,100.0,24.14,0.0,3.0,0
2026-07-30 04:00:00,23.8,27.0,91.0,940.3,12.8,260.0,0.0,100.0,24.14,0.0,3.0,0
2026-07-30 05:00:00,23.9,26.3,90.0,939.7,17.9,264.0,0.0,98.0,21.36,0.0,3.0,0
2026-07-30 06:00:00,23.7,26.1,90.0,940.0,17.5,266.0,0.0,100.0,14.02,0.0,3.0,1
2026-07-30 07:00:00,24.2,26.7,89.0,940.8,16.7,263.0,0.1,100.0,15.96,0.1,51.0,1
2026-07-30 08:00:00,24.9,27.1,85.0,940.9,18.6,261.0,0.0,100.0,22.56,0.2,3.0,1
2026-07-30 09:00:00,25.2,27.1,84.0,941.0,21.3,258.0,0.0,100.0,17.92,0.5,3.0,1
2026-07-30 10:00:00,25.6,27.8,83.0,941.1,20.5,271.0,0.1,100.0,7.6,0.55,51.0,1
2026-07-30 11:00:00,25.5,27.8,84.0,941.1,20.3,263.0,0.4,100.0,6.88,0.6,51.0,1
2026-07-30 12:00:00,25.6,27.6,82.0,940.8,20.7,271.0,0.2,100.0,14.7,0.45,51.0,1
2026-07-30 13:00:00,26.1,28.0,81.0,940.5,22.3,263.0,0.3,100.0,10.6,0.5,51.0,1
2026-07-30 14:00:00,26.1,27.8,81.0,939.6,23.8,267.0,0.2,100.0,8.7,0.65,51.0,1
2026-07-30 15:00:00,25.7,27.4,82.0,938.9,23.3,266.0,0.1,100.0,8.96,0.7,51.0,1
2026-07-30 16:00:00,25.3,27.3,85.0,938.4,22.0,269.0,0.2,100.0,9.46,0.5,51.0,1
2026-07-30 17:00:00,24.9,27.1,87.0,938.5,20.2,261.0,0.2,100.0,4.8,0.15,51.0,1
2026-07-30 18:00:00,23.8,25.7,93.0,938.3,22.6,261.0,1.3,100.0,2.96,0.1,61.0,1
2026-07-30 19:00:00,23.2,25.2,95.0,938.7,21.1,263.0,1.1,100.0,4.36,0.0,55.0,0
2026-07-30 20:00:00,23.2,25.4,95.0,939.4,20.1,264.0,0.5,100.0,5.6,0.0,53.0,0
2026-07-30 21:00:00,23.2,25.3,94.0,939.8,19.9,265.0,0.3,100.0,6.78,0.0,51.0,0
2026-07-30 22:00:00,23.2,25.5,94.0,940.1,19.0,265.0,0.3,100.0,6.0,0.0,51.0,0
2026-07-30 23:00:00,23.3,25.3,94.0,939.4,20.2,265.0,0.3,100.0,5.28,0.0,51.0,0
2026-07-31 00:00:00,23.0,25.2,95.0,938.8,18.9,267.0,0.5,100.0,4.96,0.0,53.0,0
2026-07-31 01:00:00,22.9,24.8,95.0,938.7,21.1,270.0,0.5,100.0,3.82,0.0,53.0,0
2026-07-31 02:00:00,22.7,24.6,95.0,938.0,19.6,268.0,1.3,100.0,3.44,0.0,61.0,0
2026-07-31 03:00:00,22.6,24.7,95.0,938.1,18.6,265.0,0.8,100.0,4.1,0.0,53.0,0
2026-07-31 04:00:00,22.7,24.7,95.0,937.8,19.4,260.0,1.1,100.0,2.7,0.0,55.0,0
2026-07-31 05:00:00,23.0,25.2,96.0,937.5,20.0,262.0,1.8,100.0,4.72,0.0,61.0,0
2026-07-31 06:00:00,23.0,25.2,95.0,937.8,18.9,258.0,0.5,100.0,4.22,0.0,53.0,1
2026-07-31 07:00:00,23.3,25.9,95.0,938.7,17.0,257.0,0.9,100.0,3.62,0.05,53.0,1
2026-07-31 08:00:00,23.6,26.2,94.0,939.1,18.0,258.0,0.9,100.0,4.04,0.2,53.0,1
2026-07-31 09:00:00,24.0,26.7,94.0,939.4,18.8,258.0,0.7,100.0,5.48,0.2,53.0,1
2026-07-31 10:00:00,25.1,27.8,89.0,939.2,19.2,255.0,0.2,100.0,10.92,0.6,51.0,1
2026-07-31 11:00:00,24.2,26.7,90.0,939.6,17.9,260.0,0.2,100.0,2.68,1.25,51.0,1
2026-07-31 12:00:00,23.9,26.6,94.0,939.1,18.1,265.0,2.4,100.0,1.94,0.7,80.0,1
2026-07-31 13:00:00,24.2,26.7,94.0,938.5,20.8,264.0,3.1,100.0,4.34,0.75,95.0,1
2026-07-31 14:00:00,24.7,27.5,92.0,937.9,18.9,270.0,0.5,100.0,8.18,0.65,53.0,1
2026-07-31 15:00:00,24.1,26.4,89.0,937.6,18.5,259.0,0.6,100.0,4.5,0.65,53.0,1
2026-07-31 16:00:00,24.4,27.0,90.0,937.3,18.3,260.0,0.5,100.0,4.78,0.6,53.0,1
2026-07-31 17:00:00,24.0,26.2,90.0,938.0,19.0,260.0,0.6,100.0,9.5,0.15,53.0,1
2026-07-31 18:00:00,23.7,25.6,89.0,938.2,19.4,251.0,0.1,100.0,9.24,0.05,51.0,1
2026-07-31 19:00:00,23.8,26.0,89.0,938.9,17.9,248.0,0.1,100.0,15.18,0.0,51.0,0
2026-07-31 20:00:00,23.9,26.0,88.0,939.5,18.3,249.0,0.0,100.0,19.68,0.0,3.0,0
2026-07-31 21:00:00,23.5,26.0,91.0,940.2,16.3,249.0,0.0,96.0,14.72,0.0,3.0,0
2026-07-31 22:00:00,23.8,26.2,90.0,940.6,17.6,256.0,0.0,98.0,14.56,0.0,3.0,0
2026-07-31 23:00:00,23.4,25.7,90.0,939.9,16.8,253.0,0.0,98.0,16.54,0.0,3.0,0
2026-08-01 00:00:00,23.4,25.6,89.0,939.7,16.7,253.0,0.0,99.0,11.9,0.0,3.0,0
2026-08-01 01:00:00,23.1,25.1,90.0,939.4,17.7,253.0,0.1,96.0,13.78,0.0,51.0,0
2026-08-01 02:00:00,23.3,25.1,90.0,939.4,19.2,258.0,0.0,83.0,16.82,0.0,3.0,0
2026-08-01 03:00:00,23.0,24.9,90.0,939.5,17.8,261.0,0.1,88.0,9.04,0.0,51.0,0
2026-08-01 04:00:00,23.0,24.9,91.0,939.0,18.6,257.0,0.1,84.0,13.4,0.0,51.0,0
2026-08-01 05:00:00,23.3,25.1,90.0,939.5,18.8,260.0,0.0,85.0,13.78,0.0,3.0,0
2026-08-01 06:00:00,23.4,25.2,91.0,940.2,20.7,269.0,0.1,97.0,7.76,0.0,51.0,1
2026-08-01 07:00:00,23.7,25.4,89.0,940.7,20.9,252.0,0.2,99.0,14.2,0.35,51.0,1
2026-08-01 08:00:00,24.7,25.9,83.0,941.0,23.7,255.0,0.1,89.0,9.82,0.75,51.0,1
2026-08-01 09:00:00,25.5,26.5,79.0,941.6,25.2,255.0,0.1,89.0,9.04,1.05,51.0,1
2026-08-01 10:00:00,26.4,27.8,74.0,942.0,25.6,257.0,0.2,100.0,6.1,1.55,51.0,1
2026-08-01 11:00:00,27.1,28.8,72.0,942.2,26.4,255.0,0.4,92.0,5.26,4.7,51.0,1
2026-08-01 12:00:00,26.6,28.7,73.0,941.9,26.8,249.0,0.5,95.0,3.76,6.65,53.0,1
2026-08-01 13:00:00,26.3,27.9,76.0,941.5,25.0,258.0,0.7,77.0,4.26,6.8,53.0,1
2026-08-01 14:00:00,26.2,28.4,78.0,941.1,26.2,257.0,0.7,56.0,5.44,6.75,53.0,1
2026-08-01 15:00:00,26.0,27.1,78.0,940.8,25.6,253.0,0.2,86.0,12.08,5.85,51.0,1
2026-08-01 16:00:00,25.5,27.2,81.0,940.6,22.1,251.0,0.1,80.0,14.52,4.5,51.0,1
2026-08-01 17:00:00,24.9,27.0,85.0,941.0,20.0,253.0,0.1,49.0,9.34,1.8,51.0,1
2026-08-01 18:00:00,24.3,26.6,87.0,941.4,17.5,250.0,0.1,84.0,11.7,0.5,51.0,1
2026-08-01 19:00:00,24.0,25.7,87.0,941.9,20.4,253.0,0.1,86.0,15.14,0.1,51.0,0
2026-08-01 20:00:00,23.2,24.5,86.0,942.8,20.0,257.0,0.0,82.0,8.64,0.0,3.0,0
2026-08-01 21:00:00,22.8,24.7,89.0,943.2,16.2,256.0,0.5,100.0,4.5,0.0,53.0,0
2026-08-01 22:00:00,23.1,25.5,91.0,943.4,15.7,252.0,0.2,71.0,19.7,0.0,51.0,0
2026-08-01 23:00:00,23.4,25.9,90.0,943.4,15.9,260.0,0.0,73.0,16.14,0.0,2.0,0
2026-08-02 00:00:00,23.3,25.9,92.0,943.1,15.7,257.0,0.0,81.0,14.4,0.0,3.0,0
2026-08-02 01:00:00,23.4,25.7,91.0,942.9,17.3,260.0,0.1,100.0,10.0,0.0,51.0,0
2026-08-02 02:00:00,23.5,25.3,89.0,942.7,19.1,254.0,0.1,79.0,13.4,0.0,51.0,0
2026-08-02 03:00:00,23.2,25.5,91.0,943.0,16.7,258.0,0.0,80.0,12.18,0.0,3.0,0
2026-08-02 04:00:00,23.0,25.2,90.0,943.0,15.9,264.0,0.0,95.0,15.16,0.0,3.0,0
2026-08-02 05:00:00,23.1,25.6,93.0,942.9,16.2,258.0,0.0,74.0,17.24,0.0,2.0,0
2026-08-02 06:00:00,23.2,25.7,92.0,943.0,15.9,261.0,0.0,79.0,6.96,0.0,2.0,1
2026-08-02 07:00:00,23.9,26.6,90.0,943.7,15.6,254.0,0.0,77.0,11.5,0.45,2.0,1
2026-08-02 08:00:00,24.5,26.8,86.0,944.4,18.1,257.0,0.1,67.0,12.0,1.35,51.0,1
2026-08-02 09:00:00,25.6,27.6,81.0,944.9,20.2,261.0,0.1,100.0,9.44,2.85,51.0,1
2026-08-02 10:00:00,26.2,28.3,79.0,945.2,21.0,257.0,0.1,79.0,7.22,5.0,51.0,1
2026-08-02 11:00:00,26.0,28.9,81.0,945.1,20.4,259.0,0.3,100.0,7.34,6.55,51.0,1
2026-08-02 12:00:00,25.8,27.4,79.0,945.4,22.4,262.0,0.2,100.0,12.5,7.2,51.0,1
2026-08-02 13:00:00,26.1,27.9,77.0,944.8,20.0,266.0,0.2,90.0,14.18,6.45,51.0,1
2026-08-02 14:00:00,27.2,29.0,70.0,944.3,21.0,264.0,0.1,72.0,6.52,6.8,51.0,1
2026-08-02 15:00:00,26.0,27.8,77.0,943.8,19.8,268.0,0.6,66.0,6.42,2.25,53.0,1
2026-08-02 16:00:00,25.9,27.5,78.0,943.5,22.1,260.0,0.2,87.0,5.98,3.05,51.0,1
2026-08-02 17:00:00,25.4,27.8,83.0,943.3,17.9,261.0,0.3,99.0,10.34,2.4,51.0,1
2026-08-02 18:00:00,24.5,27.4,87.0,943.7,14.2,257.0,0.1,99.0,12.86,0.9,51.0,1
2026-08-02 19:00:00,24.2,26.4,87.0,944.1,17.5,255.0,0.0,90.0,15.48,0.1,3.0,0
2026-08-02 20:00:00,23.7,26.0,88.0,944.9,15.9,258.0,0.0,77.0,16.14,0.0,2.0,0
2026-08-02 21:00:00,23.8,26.5,88.0,945.5,14.0,257.0,0.0,77.0,13.72,0.0,2.0,0
2026-08-02 22:00:00,23.8,26.5,89.0,946.1,14.5,256.0,0.1,100.0,14.46,0.0,51.0,0
2026-08-02 23:00:00,23.9,26.7,90.0,945.5,14.1,255.0,0.0,100.0,14.26,0.0,3.0,0
2026-08-03 00:00:00,23.6,26.3,90.0,945.1,14.6,254.0,0.1,96.0,14.38,0.0,51.0,0
2026-08-03 01:00:00,23.6,26.2,89.0,944.8,14.5,253.0,0.0,96.0,16.3,0.0,3.0,0
2026-08-03 02:00:00,23.4,26.1,90.0,944.4,13.9,251.0,0.0,90.0,13.94,0.0,3.0,0
2026-08-03 03:00:00,23.4,25.8,89.0,944.2,15.1,253.0,0.0,97.0,20.36,0.0,3.0,0
2026-08-03 04:00:00,23.4,26.1,90.0,944.1,13.7,261.0,0.0,63.0,10.94,0.0,2.0,0
2026-08-03 05:00:00,23.5,26.0,91.0,943.9,15.9,257.0,0.1,77.0,12.56,0.0,51.0,0
2026-08-03 06:00:00,23.2,25.8,92.0,944.3,15.3,261.0,0.2,79.0,8.04,0.0,51.0,1
2026-08-03 07:00:00,23.7,26.7,91.0,945.2,13.2,264.0,0.3,100.0,4.82,0.25,51.0,1
2026-08-03 08:00:00,24.3,27.0,89.0,945.7,15.9,265.0,0.4,86.0,8.38,0.7,51.0,1
2026-08-03 09:00:00,25.4,27.3,81.0,946.5,19.9,266.0,0.1,100.0,11.4,0.8,51.0,1
2026-08-03 10:00:00,25.8,28.0,79.0,947.0,17.7,275.0,0.1,100.0,8.76,1.95,51.0,1
2026-08-03 11:00:00,24.7,27.5,85.0,946.8,14.5,264.0,0.3,91.0,3.34,3.05,51.0,1
2026-08-03 12:00:00,24.5,27.5,90.0,946.6,15.5,274.0,2.0,100.0,3.3,3.55,95.0,1
2026-08-03 13:00:00,24.2,27.1,91.0,946.4,15.9,260.0,2.1,100.0,3.54,6.65,80.0,1
2026-08-03 14:00:00,24.1,26.9,91.0,945.5,15.9,267.0,1.6,100.0,4.38,6.05,80.0,1
2026-08-03 15:00:00,24.4,27.2,88.0,945.1,15.5,269.0,1.1,100.0,6.28,1.4,55.0,1
2026-08-03 16:00:00,24.2,26.8,89.0,944.9,16.6,267.0,1.7,100.0,3.68,2.5,80.0,1
2026-08-03 17:00:00,25.4,27.5,80.0,944.6,18.4,269.0,1.2,88.0,7.12,1.9,55.0,1
2026-08-03 18:00:00,24.6,27.2,85.0,944.8,14.7,262.0,0.1,95.0,13.84,0.7,51.0,1
2026-08-03 19:00:00,23.9,26.8,88.0,945.6,12.7,259.0,0.0,98.0,18.1,0.1,3.0,0
2026-08-03 20:00:00,23.6,26.5,89.0,946.2,12.5,265.0,0.0,92.0,17.46,0.0,3.0,0
2026-08-03 21:00:00,23.4,26.5,90.0,946.6,11.2,270.0,0.0,98.0,17.24,0.0,3.0,0
2026-08-03 22:00:00,23.2,26.5,91.0,947.2,9.8,262.0,0.0,100.0,15.92,0.0,3.0,0
2026-08-03 23:00:00,23.5,26.5,89.0,946.7,11.4,258.0,0.0,96.0,14.12,0.0,3.0,0
2026-08-04 00:00:00,23.4,26.8,90.0,946.4,9.2,258.0,0.1,100.0,12.02,0.0,51.0,0
2026-08-04 01:00:00,23.5,26.6,90.0,946.2,11.3,256.0,0.0,100.0,13.2,0.0,3.0,0
2026-08-04 02:00:00,23.3,26.4,91.0,945.9,11.7,257.0,0.1,100.0,9.64,0.0,51.0,0
2026-08-04 03:00:00,23.1,26.0,90.0,945.6,11.9,260.0,0.0,98.0,18.96,0.0,3.0,0
2026-08-04 04:00:00,23.0,25.7,90.0,945.8,11.8,258.0,0.0,99.0,21.0,0.0,3.0,0
2026-08-04 05:00:00,23.2,26.2,93.0,945.5,12.6,267.0,0.0,97.0,14.54,0.0,3.0,0
2026-08-04 06:00:00,23.2,26.5,92.0,945.9,10.8,260.0,0.1,99.0,11.14,0.0,51.0,1
2026-08-04 07:00:00,23.6,26.6,90.0,946.4,12.2,253.0,0.1,95.0,11.94,0.35,51.0,1
2026-08-04 08:00:00,24.3,26.6,86.0,946.9,16.9,267.0,0.1,66.0,12.0,0.95,51.0,1
2026-08-04 09:00:00,25.4,27.9,81.0,947.5,16.4,268.0,0.2,62.0,10.58,3.2,51.0,1
2026-08-04 10:00:00,26.6,29.4,75.0,947.6,17.8,270.0,0.2,73.0,9.42,5.0,51.0,1
2026-08-04 11:00:00,27.7,31.1,68.0,947.6,17.6,271.0,0.1,72.0,6.12,5.95,51.0,1
2026-08-04 12:00:00,27.2,30.4,72.0,947.2,18.4,275.0,0.5,95.0,16.12,6.65,53.0,1
2026-08-04 13:00:00,27.8,31.3,69.0,946.7,16.0,269.0,0.0,98.0,11.48,7.5,3.0,1
2026-08-04 14:00:00,27.8,31.0,69.0,946.0,17.5,268.0,0.2,100.0,8.22,6.6,51.0,1
2026-08-04 15:00:00,27.4,29.2,69.0,945.4,18.0,277.0,0.1,100.0,6.64,5.7,51.0,1
2026-08-04 16:00:00,25.8,28.2,79.0,944.7,16.3,276.0,0.2,100.0,15.06,3.65,51.0,1
2026-08-04 17:00:00,25.4,27.7,80.0,944.9,16.3,278.0,0.0,98.0,19.48,1.8,3.0,1
2026-08-04 18:00:00,24.6,27.1,83.0,945.0,14.4,270.0,0.1,96.0,15.74,0.55,51.0,1
2026-08-04 19:00:00,24.0,27.0,87.0,945.9,11.6,264.0,0.0,99.0,18.8,0.05,3.0,0
2026-08-04 20:00:00,23.7,26.7,88.0,946.3,11.3,257.0,0.0,100.0,19.8,0.0,3.0,0
2026-08-04 21:00:00,23.6,26.7,89.0,946.8,11.2,258.0,0.0,99.0,18.44,0.0,3.0,0
2026-08-04 22:00:00,23.5,26.6,89.0,947.2,10.6,260.0,0.0,96.0,18.3,0.0,3.0,0
2026-08-04 23:00:00,23.6,26.6,89.0,946.4,11.7,256.0,0.0,99.0,15.14,0.0,3.0,0
2026-08-05 00:00:00,23.4,26.5,89.0,945.9,11.1,256.0,0.0,99.0,18.7,0.0,3.0,0
2026-08-05 01:00:00,23.5,26.4,89.0,945.3,11.9,255.0,0.0,99.0,17.88,0.0,3.0,0
2026-08-05 02:00:00,23.2,26.0,90.0,944.8,11.9,255.0,0.0,95.0,19.8,0.0,3.0,0
2026-08-05 03:00:00,23.2,25.8,89.0,944.6,12.6,256.0,0.0,88.0,17.84,0.0,3.0,0
2026-08-05 04:00:00,23.1,26.0,90.0,944.7,11.0,251.0,0.1,100.0,14.08,0.0,51.0,0
2026-08-05 05:00:00,23.0,25.9,94.0,944.3,13.7,260.0,0.0,100.0,6.18,0.0,3.0,0
2026-08-05 06:00:00,22.9,25.8,94.0,944.4,13.5,260.0,0.6,100.0,5.68,0.0,53.0,1
2026-08-05 07:00:00,23.2,25.9,93.0,945.1,14.6,256.0,0.3,100.0,5.24,0.15,51.0,1
2026-08-05 08:00:00,23.7,26.8,92.0,945.6,13.4,266.0,0.4,100.0,5.22,1.5,51.0,1
2026-08-05 09:00:00,23.6,26.9,92.0,945.9,12.0,261.0,0.5,97.0,5.56,2.8,53.0,1
2026-08-05 10:00:00,25.8,28.7,82.0,946.1,15.2,263.0,0.2,98.0,12.12,4.45,51.0,1
2026-08-05 11:00:00,26.2,29.1,76.0,945.9,17.5,266.0,0.0,96.0,5.14,6.45,3.0,1
2026-08-05 12:00:00,25.5,28.4,83.0,945.3,17.7,253.0,1.3,100.0,8.44,7.25,80.0,1
2026-08-05 13:00:00,26.9,29.5,71.0,944.7,17.7,264.0,0.1,88.0,7.5,8.0,51.0,1
2026-08-05 14:00:00,25.4,28.0,83.0,944.2,19.7,257.0,1.1,100.0,3.74,6.25,55.0,1
2026-08-05 15:00:00,25.4,27.4,80.0,943.3,18.2,268.0,0.4,99.0,8.72,5.0,51.0,1
2026-08-05 16:00:00,25.6,27.5,78.0,943.0,18.8,267.0,0.3,99.0,2.76,2.45,51.0,1
2026-08-05 17:00:00,25.0,27.6,82.0,943.5,15.3,258.0,0.6,97.0,20.84,1.7,53.0,1
2026-08-05 18:00:00,24.6,27.2,83.0,943.7,14.5,256.0,0.0,74.0,13.94,0.8,2.0,1
2026-08-05 19:00:00,23.9,26.9,88.0,944.3,11.8,261.0,0.0,90.0,15.12,0.05,3.0,0
2026-08-05 20:00:00,23.5,26.6,89.0,944.9,11.2,255.0,0.0,98.0,19.34,0.0,3.0,0
2026-08-05 21:00:00,23.4,26.7,90.0,945.3,10.1,254.0,0.0,100.0,12.54,0.0,3.0,0
2026-08-05 22:00:00,23.5,26.6,90.0,945.4,11.4,251.0,0.0,96.0,20.36,0.0,3.0,0
2026-08-05 23:00:00,23.4,26.5,90.0,944.7,11.3,250.0,0.0,94.0,17.66,0.0,3.0,0
2026-08-06 00:00:00,23.3,26.4,90.0,944.5,10.7,254.0,0.0,99.0,18.74,0.0,3.0,0
2026-08-06 01:00:00,23.2,26.4,91.0,943.9,9.9,255.0,0.0,100.0,14.84,0.0,3.0,0
2026-08-06 02:00:00,23.2,26.1,90.0,943.5,11.8,257.0,0.0,98.0,14.48,0.0,3.0,0
2026-08-06 03:00:00,23.0,25.9,91.0,943.2,11.8,261.0,0.0,99.0,11.78,0.0,3.0,0
2026-08-06 04:00:00,22.9,25.9,91.0,943.5,10.9,251.0,0.0,100.0,9.92,0.0,3.0,0
2026-08-06 05:00:00,23.2,26.1,91.0,943.2,12.5,259.0,0.2,100.0,10.12,0.0,51.0,0
2026-08-06 06:00:00,23.3,26.2,91.0,943.6,12.4,261.0,0.1,100.0,13.2,0.0,51.0,1
2026-08-06 07:00:00,23.4,26.8,91.0,944.3,9.3,255.0,0.0,86.0,11.0,0.4,3.0,1
2026-08-06 08:00:00,24.6,27.4,86.0,944.5,14.7,259.0,0.2,54.0,13.64,1.35,51.0,1
2026-08-06 09:00:00,25.9,28.4,80.0,944.9,17.2,263.0,0.1,100.0,3.84,1.85,51.0,1
2026-08-06 10:00:00,24.8,27.8,90.0,944.8,17.2,260.0,4.7,99.0,4.42,1.2,95.0,1
2026-08-06 11:00:00,26.2,28.3,77.0,945.0,20.5,260.0,0.2,95.0,9.98,3.35,51.0,1
2026-08-06 12:00:00,26.9,30.0,72.0,944.7,20.2,268.0,0.5,98.0,4.42,7.35,53.0,1
2026-08-06 13:00:00,25.8,28.5,80.0,944.4,21.4,270.0,1.7,89.0,4.1,7.6,80.0,1
2026-08-06 14:00:00,26.5,28.5,74.0,943.8,22.8,276.0,0.5,55.0,8.26,6.75,53.0,1
2026-08-06 15:00:00,26.7,28.8,74.0,943.4,22.7,274.0,0.1,92.0,13.96,4.7,51.0,1
2026-08-06 16:00:00,26.2,27.7,76.0,943.0,21.8,270.0,0.0,99.0,19.98,4.3,3.0,1
2026-08-06 17:00:00,25.5,27.3,79.0,943.5,19.1,266.0,0.0,81.0,13.74,2.25,3.0,1
2026-08-06 18:00:00,24.1,26.2,86.0,943.6,17.9,265.0,0.0,99.0,15.96,0.85,3.0,1
2026-08-06 19:00:00,23.8,25.8,87.0,944.2,17.7,261.0,0.0,96.0,16.7,0.1,3.0,0
2026-08-06 20:00:00,23.3,25.5,89.0,944.8,15.7,261.0,0.0,99.0,19.98,0.0,3.0,0
2026-08-06 21:00:00,23.3,25.5,89.0,945.2,16.6,261.0,0.0,100.0,17.82,0.0,3.0,0
2026-08-06 22:00:00,23.2,25.2,90.0,945.1,18.2,263.0,0.0,96.0,17.72,0.0,3.0,0
2026-08-06 23:00:00,23.5,25.5,89.0,944.8,18.0,263.0,0.0,100.0,10.1,0.0,3.0,0
2026-08-07 00:00:00,23.1,25.2,91.0,944.2,17.6,262.0,0.1,98.0,12.6,0.0,51.0,0
2026-08-07 01:00:00,23.0,24.6,90.0,943.9,19.9,261.0,0.0,100.0,17.82,0.0,3.0,0
2026-08-07 02:00:00,22.9,24.7,90.0,943.7,18.3,263.0,0.0,99.0,13.98,0.0,3.0,0
2026-08-07 03:00:00,22.6,24.2,90.0,943.5,18.4,267.0,0.0,99.0,16.48,0.0,3.0,0
2026-08-07 04:00:00,22.5,24.2,91.0,943.6,17.3,266.0,0.0,100.0,15.38,0.0,3.0,0
2026-08-07 05:00:00,22.7,24.5,91.0,943.5,18.1,264.0,0.0,98.0,19.68,0.0,3.0,0
2026-08-07 06:00:00,23.1,25.2,90.0,944.0,16.6,265.0,0.0,98.0,14.62,0.0,3.0,1
2026-08-07 07:00:00,23.4,25.7,88.0,944.6,15.5,260.0,0.0,100.0,19.38,0.45,3.0,1
2026-08-07 08:00:00,24.6,26.0,82.0,945.0,21.1,269.0,0.0,96.0,10.2,1.7,3.0,1
2026-08-07 09:00:00,25.3,26.6,80.0,945.3,22.1,271.0,0.2,99.0,4.32,3.1,51.0,1
2026-08-07 10:00:00,25.8,27.2,78.0,945.5,22.5,278.0,0.6,99.0,9.98,4.2,53.0,1
2026-08-07 11:00:00,26.0,28.1,76.0,945.5,24.0,273.0,0.3,94.0,7.6,5.35,51.0,1
2026-08-07 12:00:00,26.9,29.6,73.0,945.1,22.6,275.0,0.3,91.0,12.82,5.85,51.0,1
2026-08-07 13:00:00,26.9,29.7,73.0,944.9,22.8,279.0,0.1,88.0,9.96,6.6,51.0,1
2026-08-07 14:00:00,27.4,30.0,69.0,944.1,22.3,273.0,0.1,76.0,10.28,7.2,51.0,1
2026-08-07 15:00:00,26.6,28.6,75.0,943.6,22.1,277.0,0.1,46.0,18.92,6.1,51.0,1
2026-08-07 16:00:00,26.4,27.8,74.0,943.1,22.1,279.0,0.1,48.0,8.42,4.05,51.0,1
2026-08-07 17:00:00,25.7,27.4,77.0,943.4,19.3,275.0,0.0,94.0,22.34,2.1,3.0,1
2026-08-07 18:00:00,24.5,26.8,84.0,943.5,16.6,266.0,0.0,54.0,19.28,0.7,2.0,1
2026-08-07 19:00:00,23.7,26.4,88.0,944.1,14.2,271.0,0.0,68.0,16.64,0.1,2.0,0
2026-08-07 20:00:00,23.5,26.3,89.0,944.7,12.6,271.0,0.0,59.0,15.2,0.0,2.0,0
2026-08-07 21:00:00,23.5,26.3,89.0,945.2,12.4,268.0,0.0,100.0,18.94,0.0,3.0,0
2026-08-07 22:00:00,23.7,26.4,89.0,945.4,13.7,268.0,0.0,73.0,17.68,0.0,2.0,0
2026-08-07 23:00:00,23.1,25.4,89.0,945.1,14.4,269.0,0.0,61.0,17.82,0.0,2.0,0
2026-08-08 00:00:00,23.0,25.6,90.0,944.8,13.2,265.0,0.0,82.0,19.42,0.0,3.0,0
2026-08-08 01:00:00,23.1,25.6,90.0,944.5,13.5,260.0,0.0,98.0,16.7,0.0,3.0,0
2026-08-08 02:00:00,22.9,25.2,90.0,943.8,14.8,261.0,0.0,51.0,18.62,0.0,2.0,0
2026-08-08 03:00:00,22.6,24.9,92.0,943.3,14.6,269.0,0.0,91.0,15.24,0.0,3.0,0
2026-08-08 04:00:00,22.6,25.2,92.0,943.2,13.5,267.0,0.0,100.0,17.0,0.0,3.0,0
2026-08-08 05:00:00,23.2,25.7,91.0,943.4,15.1,267.0,0.0,100.0,14.48,0.0,3.0,0
2026-08-08 06:00:00,23.4,26.0,89.0,944.0,14.0,271.0,0.1,100.0,10.46,0.0,51.0,1
2026-08-08 07:00:00,23.4,25.9,90.0,944.8,15.2,274.0,0.1,57.0,11.7,0.5,51.0,1
2026-08-08 08:00:00,24.5,26.2,83.0,945.2,19.1,272.0,0.1,100.0,9.06,1.8,51.0,1
2026-08-08 09:00:00,25.1,27.0,81.0,945.6,18.7,273.0,0.3,22.0,19.32,3.35,51.0,1
2026-08-08 10:00:00,26.4,28.7,73.0,945.7,20.4,273.0,0.0,68.0,15.68,5.35,2.0,1
2026-08-08 11:00:00,26.8,29.5,72.0,945.9,20.7,273.0,0.1,38.0,6.26,7.3,51.0,1
2026-08-08 12:00:00,26.8,30.1,73.0,945.6,20.0,272.0,0.4,30.0,6.28,8.3,51.0,1
2026-08-08 13:00:00,26.7,29.7,74.0,945.3,21.2,280.0,0.4,34.0,6.64,8.25,51.0,1
2026-08-08 14:00:00,27.1,29.8,70.0,944.6,21.4,271.0,0.1,22.0,12.96,7.05,51.0,1
2026-08-08 15:00:00,27.0,29.0,68.0,943.9,21.1,277.0,0.2,30.0,7.8,5.95,51.0,1
2026-08-08 16:00:00,26.5,27.9,71.0,943.6,19.9,276.0,0.2,55.0,5.22,4.0,51.0,1
2026-08-08 17:00:00,25.7,27.8,77.0,944.2,16.4,273.0,0.2,14.0,16.68,2.4,51.0,1
2026-08-08 18:00:00,24.6,26.7,82.0,944.1,17.0,276.0,0.0,18.0,21.48,0.85,0.0,1
2026-08-08 19:00:00,23.6,26.0,87.0,944.6,14.1,266.0,0.0,16.0,20.36,0.1,0.0,0
2026-08-08 20:00:00,23.1,25.9,90.0,945.4,12.3,262.0,0.0,38.0,22.64,0.0,1.0,0
2026-08-08 21:00:00,23.2,26.1,90.0,946.2,11.7,266.0,0.0,52.0,20.02,0.0,2.0,0
2026-08-08 22:00:00,23.2,26.2,92.0,946.4,11.9,264.0,0.0,100.0,16.14,0.0,3.0,0
2026-08-08 23:00:00,23.5,26.2,89.0,946.3,13.4,264.0,0.0,84.0,16.76,0.0,3.0,0
2026-08-09 00:00:00,23.1,25.8,91.0,946.0,13.1,262.0,0.0,100.0,16.34,0.0,3.0,0
2026-08-09 01:00:00,23.1,25.6,90.0,945.4,14.3,266.0,0.0,100.0,19.46,0.0,3.0,0
2026-08-09 02:00:00,23.2,25.5,90.0,945.1,15.8,263.0,0.0,89.0,22.44,0.0,3.0,0
2026-08-09 03:00:00,22.9,25.0,90.0,944.7,16.2,269.0,0.0,79.0,6.74,0.0,2.0,0
2026-08-09 04:00:00,23.0,25.5,90.0,944.6,14.2,269.0,0.0,100.0,10.1,0.0,3.0,0
2026-08-09 05:00:00,23.0,25.2,90.0,944.6,15.5,267.0,0.0,99.0,17.78,0.0,3.0,0
2026-08-09 06:00:00,23.1,25.5,90.0,945.1,14.2,268.0,0.0,100.0,14.88,0.0,3.0,1
2026-08-09 07:00:00,23.2,26.0,90.0,945.9,12.5,266.0,0.0,91.0,15.62,0.5,3.0,1
2026-08-09 08:00:00,24.0,26.6,88.0,946.4,15.2,274.0,0.1,48.0,6.66,1.85,51.0,1
2026-08-09 09:00:00,25.1,27.2,81.0,946.9,17.9,276.0,0.2,29.0,10.5,3.5,51.0,1
2026-08-09 10:00:00,26.2,28.6,76.0,947.3,19.3,272.0,0.1,21.0,7.68,5.65,51.0,1
2026-08-09 11:00:00,27.0,29.8,70.0,946.9,18.7,277.0,0.2,30.0,9.28,7.25,51.0,1
2026-08-09 12:00:00,27.5,30.4,68.0,946.4,20.7,273.0,0.1,45.0,11.64,8.15,51.0,1
2026-08-09 13:00:00,27.6,30.9,68.0,945.9,20.4,275.0,0.1,50.0,8.6,8.35,51.0,1
2026-08-09 14:00:00,27.9,30.9,66.0,945.2,19.7,276.0,0.2,37.0,7.78,7.25,51.0,1
2026-08-09 15:00:00,27.3,29.7,69.0,944.9,19.5,275.0,0.2,30.0,10.56,5.6,51.0,1
2026-08-09 16:00:00,26.2,28.0,75.0,944.6,19.7,275.0,0.1,73.0,17.2,4.05,51.0,1
2026-08-09 17:00:00,26.0,28.1,76.0,945.0,16.8,275.0,0.0,99.0,18.42,2.25,3.0,1
2026-08-09 18:00:00,24.9,27.4,81.0,944.8,14.2,279.0,0.0,78.0,24.28,0.7,2.0,1
2026-08-09 19:00:00,24.0,26.6,85.0,945.3,13.5,268.0,0.0,55.0,22.88,0.05,2.0,0
2026-08-09 20:00:00,23.4,26.0,88.0,945.9,13.3,260.0,0.0,84.0,22.1,0.0,3.0,0
2026-08-09 21:00:00,23.4,26.1,88.0,946.5,11.9,260.0,0.0,99.0,24.14,0.0,3.0,0
2026-08-09 22:00:00,23.4,26.4,89.0,947.0,10.9,261.0,0.0,100.0,23.82,0.0,3.0,0
2026-08-09 23:00:00,23.1,25.7,88.0,946.3,11.6,257.0,0.0,100.0,23.32,0.0,3.0,0
2026-08-10 00:00:00,23.0,25.6,88.0,946.0,11.6,257.0,0.0,98.0,20.78,0.0,3.0,0
2026-08-10 01:00:00,23.0,25.7,88.0,945.8,11.5,261.0,0.0,100.0,10.98,0.0,3.0,0
2026-08-10 02:00:00,22.9,25.6,89.0,945.3,10.8,259.0,0.0,100.0,9.78,0.0,3.0,0
2026-08-10 03:00:00,22.8,25.7,91.0,945.0,10.4,259.0,0.0,100.0,16.62,0.0,3.0,0
2026-08-10 04:00:00,22.9,26.0,91.0,944.6,9.9,261.0,0.0,100.0,15.54,0.0,3.0,0
2026-08-10 05:00:00,22.9,25.4,89.0,944.6,12.5,264.0,0.0,96.0,16.84,0.0,3.0,0
2026-08-10 06:00:00,22.6,25.3,90.0,944.8,11.5,261.0,0.0,96.0,16.96,0.0,3.0,1
2026-08-10 07:00:00,23.5,26.4,87.0,945.3,11.0,259.0,0.0,100.0,16.94,0.45,3.0,1
2026-08-10 08:00:00,24.3,26.5,84.0,945.7,15.8,262.0,0.0,55.0,18.68,1.75,2.0,1
2026-08-10 09:00:00,25.3,27.3,78.0,946.4,16.8,266.0,0.0,88.0,17.58,2.5,3.0,1
2026-08-10 10:00:00,26.2,28.3,74.0,946.2,19.5,266.0,0.1,96.0,20.76,5.4,51.0,1
2026-08-10 11:00:00,27.4,30.0,68.0,946.1,18.9,271.0,0.2,99.0,5.9,6.95,51.0,1
2026-08-10 12:00:00,26.7,29.7,73.0,945.6,19.9,275.0,1.0,100.0,5.7,7.25,55.0,1
2026-08-10 13:00:00,26.1,29.4,78.0,945.4,17.3,272.0,0.4,94.0,12.04,7.65,51.0,1
2026-08-10 14:00:00,24.9,27.1,80.0,944.6,23.8,275.0,1.0,91.0,1.68,6.75,55.0,1
2026-08-10 15:00:00,25.8,27.4,75.0,944.1,20.8,274.0,1.5,73.0,10.64,4.95,80.0,1
2026-08-10 16:00:00,26.0,27.5,74.0,943.7,19.5,281.0,0.3,29.0,9.18,3.85,51.0,1
2026-08-10 17:00:00,25.3,27.2,76.0,943.9,15.6,278.0,0.1,45.0,24.74,2.5,51.0,1
2026-08-10 18:00:00,24.1,26.0,82.0,944.1,15.8,277.0,0.0,29.0,17.6,0.85,1.0,1
2026-08-10 19:00:00,23.1,25.3,87.0,944.7,13.5,268.0,0.0,61.0,16.78,0.05,2.0,0
2026-08-10 20:00:00,22.8,25.4,89.0,945.3,11.2,270.0,0.0,39.0,15.1,0.0,1.0,0
2026-08-10 21:00:00,22.5,25.3,91.0,945.6,10.6,269.0,0.0,36.0,18.26,0.0,1.0,0
2026-08-10 22:00:00,22.4,25.2,91.0,945.7,9.8,262.0,0.0,13.0,19.58,0.0,0.0,0
2026-08-10 23:00:00,22.6,25.1,89.0,945.0,11.2,249.0,0.0,40.0,22.04,0.0,1.0,0
2026-08-11 00:00:00,22.6,25.0,90.0,944.4,12.9,254.0,0.0,36.0,21.36,0.0,1.0,0
2026-08-11 01:00:00,22.6,24.9,90.0,943.8,13.6,259.0,0.0,23.0,19.48,0.0,1.0,0
2026-08-11 02:00:00,22.2,24.6,91.0,943.4,11.8,259.0,0.0,47.0,18.84,0.0,1.0,0
2026-08-11 03:00:00,22.2,24.6,91.0,943.6,12.0,254.0,0.0,77.0,15.34,0.0,2.0,0
2026-08-11 04:00:00,22.4,24.9,90.0,943.4,11.4,254.0,0.0,32.0,17.86,0.0,1.0,0
2026-08-11 05:00:00,22.7,25.5,92.0,943.2,11.4,254.0,0.0,48.0,17.68,0.0,1.0,0
2026-08-11 06:00:00,22.9,25.4,90.0,943.8,12.7,255.0,0.0,44.0,18.16,0.0,1.0,1
2026-08-11 07:00:00,23.6,26.3,87.0,944.3,12.5,255.0,0.0,55.0,18.14,0.5,2.0,1
2026-08-11 08:00:00,24.6,26.7,83.0,944.8,16.5,262.0,0.0,49.0,9.84,1.9,1.0,1
2026-08-11 09:00:00,25.3,27.6,80.0,945.4,16.6,260.0,0.1,82.0,10.18,3.8,51.0,1
2026-08-11 10:00:00,26.1,28.3,77.0,945.4,19.7,266.0,0.2,98.0,9.18,5.7,51.0,1
2026-08-11 11:00:00,27.0,30.3,72.0,945.2,17.3,267.0,0.2,97.0,6.72,6.9,51.0,1
2026-08-11 12:00:00,26.7,29.6,74.0,944.8,19.3,271.0,0.2,99.0,11.0,8.15,51.0,1
2026-08-11 13:00:00,25.8,28.0,78.0,944.2,18.0,272.0,0.2,100.0,5.06,6.7,51.0,1
2026-08-11 14:00:00,25.0,27.2,82.0,943.4,17.8,271.0,0.8,100.0,4.18,3.7,53.0,1
2026-08-11 15:00:00,23.9,26.1,89.0,942.8,18.2,267.0,0.6,99.0,5.08,4.25,53.0,1
2026-08-11 16:00:00,24.0,25.7,85.0,942.3,18.6,267.0,0.8,100.0,3.58,2.7,53.0,1
2026-08-11 17:00:00,23.9,26.5,90.0,942.8,16.2,267.0,2.6,100.0,2.9,2.0,81.0,1
2026-08-11 18:00:00,23.0,25.6,95.0,942.9,16.3,265.0,1.8,100.0,2.6,0.8,80.0,1
2026-08-11 19:00:00,22.7,25.3,95.0,943.5,15.0,263.0,3.6,100.0,1.94,0.05,81.0,0
2026-08-11 20:00:00,22.7,25.6,95.0,943.8,13.3,257.0,3.3,98.0,2.12,0.0,81.0,0
2026-08-11 21:00:00,22.6,25.4,96.0,944.8,13.9,251.0,2.7,100.0,2.38,0.0,63.0,0
2026-08-11 22:00:00,22.6,25.5,95.0,945.1,12.9,255.0,2.8,99.0,2.96,0.0,81.0,0
2026-08-11 23:00:00,22.6,25.5,94.0,945.1,12.4,257.0,1.4,84.0,8.64,0.0,80.0,0
2026-08-12 00:00:00,22.4,25.3,95.0,944.7,12.2,262.0,0.1,97.0,13.3,0.0,51.0,0
2026-08-12 01:00:00,22.5,25.2,94.0,944.4,13.3,261.0,0.0,91.0,15.56,0.0,3.0,0
2026-08-12 02:00:00,22.5,25.0,93.0,944.1,14.2,257.0,0.0,99.0,15.66,0.0,3.0,0
2026-08-12 03:00:00,22.4,24.5,92.0,943.7,15.8,255.0,0.0,90.0,16.02,0.0,3.0,0
2026-08-12 04:00:00,22.3,24.5,92.0,943.6,14.1,260.0,0.0,99.0,16.02,0.0,3.0,0
2026-08-12 05:00:00,22.5,25.1,93.0,943.5,13.2,259.0,0.0,100.0,15.36,0.0,3.0,0
2026-08-12 06:00:00,22.8,25.5,92.0,944.0,12.6,256.0,0.0,99.0,15.74,0.0,3.0,1
2026-08-12 07:00:00,23.4,25.9,89.0,944.7,14.5,256.0,0.1,98.0,8.74,0.3,51.0,1
2026-08-12 08:00:00,23.9,26.1,86.0,945.3,16.5,254.0,0.1,98.0,12.38,1.6,51.0,1
2026-08-12 09:00:00,24.9,26.9,82.0,946.0,18.4,268.0,0.1,99.0,9.68,3.65,51.0,1
2026-08-12 10:00:00,25.5,27.3,79.0,946.0,19.5,275.0,0.3,100.0,6.26,5.4,51.0,1
2026-08-12 11:00:00,24.8,27.0,81.0,945.9,16.9,272.0,0.4,100.0,5.0,6.55,51.0,1
2026-08-12 12:00:00,24.9,27.4,84.0,945.4,16.1,264.0,1.2,100.0,3.5,4.15,55.0,1
2026-08-12 13:00:00,24.7,27.4,88.0,945.4,17.1,270.0,3.9,100.0,5.58,3.15,95.0,1
2026-08-12 14:00:00,26.1,28.4,81.0,944.9,19.8,277.0,0.2,100.0,11.86,2.55,51.0,1
2026-08-12 15:00:00,25.6,27.5,77.0,944.5,18.5,278.0,0.3,100.0,9.44,2.5,51.0,1
2026-08-12 16:00:00,25.2,27.0,81.0,944.3,19.4,269.0,0.1,100.0,17.54,3.2,51.0,1
2026-08-12 17:00:00,25.1,27.3,80.0,944.8,16.6,272.0,0.0,99.0,9.3,2.2,3.0,1
2026-08-12 18:00:00,24.0,26.5,85.0,945.2,14.1,264.0,0.1,98.0,18.96,0.75,51.0,1
2026-08-12 19:00:00,23.3,25.9,88.0,945.8,12.9,264.0,0.0,98.0,19.92,0.05,3.0,0
2026-08-12 20:00:00,22.9,25.7,90.0,946.6,11.9,256.0,0.0,99.0,18.3,0.0,3.0,0
2026-08-12 21:00:00,23.2,26.0,89.0,947.8,11.2,254.0,0.0,95.0,20.42,0.0,3.0,0
2026-08-12 22:00:00,22.9,25.7,89.0,948.1,11.3,250.0,0.0,100.0,21.34,0.0,3.0,0
2026-08-12 23:00:00,23.0,25.7,89.0,947.6,11.8,246.0,0.0,91.0,20.96,0.0,3.0,0
2026-08-13 00:00:00,22.9,25.3,89.0,946.8,13.5,245.0,0.0,96.0,17.92,0.0,3.0,0
2026-08-13 01:00:00,22.6,25.3,91.0,946.7,12.0,252.0,0.0,98.0,15.6,0.0,3.0,0
2026-08-13 02:00:00,22.7,25.2,90.0,946.0,12.5,255.0,0.0,100.0,18.44,0.0,3.0,0
2026-08-13 03:00:00,22.6,24.9,90.0,945.4,13.4,255.0,0.0,90.0,18.36,0.0,3.0,0
2026-08-13 04:00:00,22.5,25.2,91.0,945.6,11.4,254.0,0.0,100.0,12.76,0.0,3.0,0
2026-08-13 05:00:00,22.9,25.7,90.0,945.4,11.6,266.0,0.0,100.0,8.58,0.0,3.0,0
2026-08-13 06:00:00,22.9,25.7,90.0,946.1,11.4,257.0,0.1,95.0,12.36,0.0,51.0,1
2026-08-13 07:00:00,23.1,25.9,89.0,947.1,11.3,260.0,0.1,99.0,11.76,0.25,51.0,1
2026-08-13 08:00:00,23.7,26.6,87.0,947.4,11.7,259.0,0.2,59.0,8.78,0.65,51.0,1
2026-08-13 09:00:00,25.2,27.2,80.0,947.9,17.8,264.0,0.2,55.0,9.96,2.15,51.0,1
2026-08-13 10:00:00,25.7,27.1,74.0,948.0,19.5,264.0,0.2,83.0,8.72,1.95,51.0,1
2026-08-13 11:00:00,26.4,29.1,73.0,947.8,19.2,258.0,0.3,95.0,5.54,1.75,51.0,1
2026-08-13 12:00:00,26.6,28.8,71.0,947.4,20.2,254.0,0.7,96.0,3.84,2.05,53.0,1
2026-08-13 13:00:00,25.1,27.2,82.0,946.9,18.5,262.0,1.0,100.0,7.0,2.4,55.0,1
2026-08-13 14:00:00,24.6,26.7,84.0,946.5,17.8,262.0,0.8,72.0,7.18,5.45,53.0,1
2026-08-13 15:00:00,25.2,26.9,81.0,946.1,20.9,268.0,0.4,85.0,3.2,5.6,51.0,1
2026-08-13 16:00:00,25.4,27.2,80.0,945.6,20.3,264.0,0.7,98.0,15.44,4.4,53.0,1
2026-08-13 17:00:00,24.4,26.4,84.0,946.0,17.6,269.0,0.0,82.0,10.04,2.35,3.0,1
2026-08-13 18:00:00,23.8,26.2,87.0,946.1,15.1,267.0,0.0,69.0,12.66,0.85,2.0,1
2026-08-13 19:00:00,23.1,25.5,90.0,946.5,14.1,265.0,0.0,95.0,14.7,0.05,3.0,0
2026-08-13 20:00:00,23.1,25.5,90.0,947.4,14.2,261.0,0.0,91.0,13.46,0.0,3.0,0
2026-08-13 21:00:00,22.9,25.6,90.0,947.9,12.5,264.0,0.0,87.0,14.7,0.0,3.0,0
2026-08-13 22:00:00,22.9,25.7,91.0,947.9,11.9,265.0,0.1,96.0,13.44,0.0,51.0,0
2026-08-13 23:00:00,22.6,25.0,90.0,947.1,13.4,259.0,0.0,96.0,18.74,0.0,3.0,0
2026-08-14 00:00:00,22.6,24.8,90.0,946.5,14.1,259.0,0.0,93.0,17.18,0.0,3.0,0
2026-08-14 01:00:00,22.7,25.3,90.0,946.3,12.4,257.0,0.0,67.0,15.82,0.0,2.0,0
2026-08-14 02:00:00,22.6,25.3,91.0,945.9,10.9,251.0,0.0,87.0,15.62,0.0,3.0,0
2026-08-14 03:00:00,22.7,25.6,91.0,945.8,10.0,242.0,0.0,100.0,16.36,0.0,3.0,0
2026-08-14 04:00:00,22.6,25.4,91.0,945.6,10.7,250.0,0.0,100.0,11.42,0.0,3.0,0
2026-08-14 05:00:00,22.8,25.5,90.0,945.7,11.6,248.0,0.0,70.0,13.88,0.0,2.0,0
2026-08-14 06:00:00,22.5,25.2,90.0,945.9,10.5,243.0,0.0,76.0,14.5,0.0,2.0,1
2026-08-14 07:00:00,23.1,25.9,88.0,946.8,10.4,247.0,0.1,87.0,13.48,0.2,51.0,1
2026-08-14 08:00:00,24.0,26.5,85.0,947.1,13.5,257.0,0.0,86.0,14.76,1.0,3.0,1
2026-08-14 09:00:00,25.0,27.1,80.0,947.9,16.1,260.0,0.1,91.0,8.78,1.7,51.0,1
2026-08-14 10:00:00,25.7,27.7,76.0,947.6,17.0,260.0,0.1,80.0,15.0,2.7,51.0,1
2026-08-14 11:00:00,27.0,29.9,71.0,947.5,19.5,273.0,0.2,72.0,10.98,4.65,51.0,1
2026-08-14 12:00:00,26.5,29.6,70.0,947.5,18.6,264.0,0.6,95.0,2.88,6.95,53.0,1
2026-08-14 13:00:00,26.7,29.7,73.0,947.4,19.4,269.0,1.1,91.0,11.38,7.4,55.0,1
2026-08-14 14:00:00,26.6,28.7,71.0,946.6,20.0,272.0,0.2,98.0,8.78,7.35,51.0,1
2026-08-14 15:00:00,25.9,27.5,75.0,946.1,20.1,264.0,0.2,91.0,18.18,5.6,51.0,1
2026-08-14 16:00:00,25.8,27.2,75.0,945.5,20.9,267.0,0.0,97.0,21.66,3.9,3.0,1
2026-08-14 17:00:00,25.1,26.8,78.0,945.9,18.3,263.0,0.0,76.0,10.78,2.4,2.0,1
2026-08-14 18:00:00,23.7,25.7,84.0,945.8,15.6,263.0,0.0,88.0,21.0,0.8,3.0,1
2026-08-14 19:00:00,23.1,25.5,88.0,946.3,13.5,261.0,0.0,93.0,19.7,0.05,3.0,0
2026-08-14 20:00:00,23.0,25.6,89.0,946.8,12.1,255.0,0.0,92.0,16.68,0.0,3.0,0
2026-08-14 21:00:00,23.1,25.4,88.0,947.1,13.9,259.0,0.0,98.0,19.96,0.0,3.0,0
2026-08-14 22:00:00,22.7,25.1,90.0,947.2,12.9,261.0,0.0,85.0,15.12,0.0,3.0,0
2026-08-14 23:00:00,22.9,25.3,89.0,946.9,13.8,264.0,0.0,92.0,15.74,0.0,3.0,0
2026-08-15 00:00:00,22.9,25.4,89.0,946.5,12.8,259.0,0.0,100.0,14.42,0.0,3.0,0
2026-08-15 01:00:00,22.5,24.8,90.0,946.4,13.5,262.0,0.0,75.0,16.08,0.0,2.0,0
2026-08-15 02:00:00,22.4,24.7,90.0,946.0,12.4,260.0,0.0,77.0,19.56,0.0,2.0,0
2026-08-15 03:00:00,22.2,24.7,91.0,946.0,10.7,253.0,0.0,63.0,16.08,0.0,2.0,0
2026-08-15 04:00:00,22.2,24.8,91.0,945.9,10.7,256.0,0.0,55.0,15.0,0.0,2.0,0
2026-08-15 05:00:00,22.3,25.3,94.0,946.0,10.7,248.0,0.0,100.0,11.64,0.0,3.0,0
2026-08-15 06:00:00,22.4,24.9,92.0,946.4,12.2,246.0,0.1,84.0,8.12,0.0,51.0,1
2026-08-15 07:00:00,22.7,25.3,90.0,947.0,12.3,247.0,0.3,100.0,4.82,0.3,51.0,1
2026-08-15 08:00:00,23.2,26.1,90.0,947.6,11.3,256.0,0.4,99.0,11.86,1.4,51.0,1
2026-08-15 09:00:00,23.8,26.2,86.0,947.9,14.6,257.0,0.1,98.0,11.52,1.3,51.0,1
2026-08-15 10:00:00,25.4,27.2,78.0,947.9,19.4,259.0,0.3,98.0,9.76,3.5,51.0,1
2026-08-15 11:00:00,26.0,28.7,75.0,948.1,19.7,265.0,0.1,99.0,11.34,6.0,51.0,1
2026-08-15 12:00:00,27.0,30.1,70.0,947.7,17.9,265.0,0.2,98.0,12.7,7.15,51.0,1
2026-08-15 13:00:00,26.4,28.0,69.0,947.2,19.6,262.0,0.1,99.0,36.4,7.9,51.0,1
2026-08-15 14:00:00,26.2,28.0,73.0,946.1,17.0,264.0,0.1,99.0,13.04,7.6,51.0,1
2026-08-15 15:00:00,25.8,27.8,79.0,945.8,19.7,264.0,0.4,96.0,4.26,5.9,51.0,1
2026-08-15 16:00:00,25.4,27.4,79.0,945.2,17.6,259.0,0.3,98.0,15.96,4.0,51.0,1
2026-08-15 17:00:00,25.3,27.3,78.0,945.8,16.3,265.0,0.0,91.0,7.36,2.2,3.0,1
2026-08-15 18:00:00,23.7,25.9,87.0,945.7,15.8,258.0,0.5,94.0,9.78,0.8,53.0,1
2026-08-15 19:00:00,23.1,25.6,90.0,946.3,13.6,259.0,0.0,79.0,22.22,0.05,2.0,0
2026-08-15 20:00:00,23.0,25.7,90.0,947.0,12.5,259.0,0.0,89.0,17.2,0.0,3.0,0
2026-08-15 21:00:00,22.9,25.6,90.0,947.3,11.8,259.0,0.0,63.0,17.96,0.0,2.0,0
2026-08-15 22:00:00,22.9,25.8,90.0,947.7,10.6,261.0,0.0,77.0,17.06,0.0,2.0,0
2026-08-15 23:00:00,22.7,25.2,90.0,947.0,11.9,256.0,0.0,72.0,16.1,0.0,2.0,0
2026-08-16 00:00:00,22.6,25.0,90.0,946.8,12.4,257.0,0.0,61.0,18.68,0.0,2.0,0
2026-08-16 01:00:00,22.4,24.8,90.0,946.3,12.2,256.0,0.0,87.0,20.26,0.0,3.0,0
2026-08-16 02:00:00,22.2,24.8,91.0,945.8,11.4,254.0,0.0,98.0,16.34,0.0,3.0,0
2026-08-16 03:00:00,22.2,24.6,91.0,945.4,12.2,250.0,0.0,80.0,19.24,0.0,3.0,0
2026-08-16 04:00:00,22.4,25.0,90.0,945.8,11.1,243.0,0.0,37.0,20.4,0.0,1.0,0
2026-08-16 05:00:00,22.7,25.0,90.0,945.6,14.0,248.0,0.0,77.0,16.02,0.0,2.0,0
2026-08-16 06:00:00,22.3,24.8,91.0,945.9,11.8,251.0,0.0,80.0,15.32,0.0,3.0,1
2026-08-16 07:00:00,23.0,25.8,89.0,946.4,11.1,263.0,0.0,98.0,11.18,0.3,3.0,1
2026-08-16 08:00:00,24.0,25.9,84.0,947.0,17.3,256.0,0.1,100.0,13.82,0.8,51.0,1
2026-08-16 09:00:00,25.2,27.2,79.0,947.2,16.6,254.0,0.0,100.0,21.7,3.35,3.0,1
2026-08-16 10:00:00,26.4,28.7,73.0,947.3,17.9,260.0,0.0,97.0,22.46,4.7,3.0,1
2026-08-16 11:00:00,27.2,30.0,68.0,947.2,18.3,257.0,0.0,99.0,16.42,6.55,3.0,1
2026-08-16 12:00:00,27.2,29.8,68.0,946.7,17.9,257.0,0.1,98.0,16.72,7.6,51.0,1
2026-08-16 13:00:00,27.7,30.6,66.0,946.3,19.3,258.0,0.1,100.0,10.82,7.65,51.0,1
2026-08-16 14:00:00,27.2,29.7,68.0,945.9,18.9,255.0,0.1,98.0,11.72,7.3,51.0,1
2026-08-16 15:00:00,26.8,28.8,71.0,945.6,19.2,253.0,0.1,95.0,13.44,5.9,51.0,1
2026-08-16 16:00:00,26.2,28.1,74.0,945.3,17.3,259.0,0.0,83.0,18.6,4.0,3.0,1
2026-08-16 17:00:00,25.7,27.6,76.0,945.4,17.2,254.0,0.2,97.0,22.98,2.4,51.0,1
2026-08-16 18:00:00,24.6,27.1,82.0,945.7,14.0,252.0,0.0,93.0,24.68,0.8,3.0,1
2026-08-16 19:00:00,23.8,26.6,87.0,946.4,12.5,252.0,0.0,75.0,19.66,0.05,2.0,0
2026-08-16 20:00:00,23.5,26.5,88.0,947.1,10.5,257.0,0.0,95.0,21.34,0.0,3.0,0
2026-08-16 21:00:00,23.4,26.3,88.0,947.4,11.3,250.0,0.0,57.0,19.04,0.0,2.0,0
2026-08-16 22:00:00,23.1,26.0,89.0,947.5,10.8,255.0,0.0,79.0,19.38,0.0,2.0,0
2026-08-16 23:00:00,23.0,25.5,88.0,947.2,12.4,251.0,0.0,98.0,16.22,0.0,3.0,0
2026-08-17 00:00:00,22.9,25.4,89.0,946.7,12.0,252.0,0.0,99.0,16.84,0.0,3.0,0
2026-08-17 01:00:00,23.0,25.6,89.0,946.5,12.0,251.0,0.0,100.0,17.0,0.0,3.0,0
2026-08-17 02:00:00,22.9,25.4,90.0,946.2,12.6,251.0,0.0,100.0,13.82,0.0,3.0,0
2026-08-17 03:00:00,22.8,25.1,88.0,946.1,12.2,242.0,0.0,100.0,18.2,0.0,3.0,0
2026-08-17 04:00:00,22.7,24.8,88.0,946.1,13.5,251.0,0.0,100.0,20.12,0.0,3.0,0
2026-08-17 05:00:00,22.9,25.2,89.0,946.0,14.2,244.0,0.0,84.0,14.42,0.0,3.0,0
2026-08-17 06:00:00,22.5,24.9,90.0,946.5,12.4,248.0,0.0,94.0,16.28,0.0,3.0,1
2026-08-17 07:00:00,23.1,26.0,88.0,947.0,10.4,250.0,0.0,68.0,14.62,0.3,2.0,1
2026-08-17 08:00:00,24.0,25.9,84.0,947.6,16.6,253.0,0.1,66.0,11.38,1.25,51.0,1
2026-08-17 09:00:00,24.6,26.3,80.0,948.2,17.6,244.0,0.2,72.0,9.82,3.1,51.0,1
2026-08-17 10:00:00,25.5,26.9,76.0,948.7,20.1,252.0,0.2,70.0,7.44,3.45,51.0,1
2026-08-17 11:00:00,25.7,27.7,77.0,948.6,19.5,250.0,0.2,80.0,12.56,3.85,51.0,1
2026-08-17 12:00:00,26.1,28.2,74.0,948.4,19.8,254.0,0.2,100.0,10.44,2.75,51.0,1
2026-08-17 13:00:00,26.0,28.1,72.0,947.9,19.9,254.0,0.4,88.0,21.9,3.05,51.0,1
2026-08-17 14:00:00,26.3,28.4,72.0,947.4,21.7,260.0,0.2,55.0,6.56,2.5,51.0,1
2026-08-17 15:00:00,25.6,27.2,76.0,946.9,18.6,262.0,0.1,64.0,14.86,1.85,51.0,1
2026-08-17 16:00:00,25.4,27.1,77.0,946.5,19.2,260.0,0.2,99.0,7.92,1.85,51.0,1
2026-08-17 17:00:00,25.0,27.0,79.0,946.7,15.7,246.0,0.2,95.0,22.22,2.35,51.0,1
2026-08-17 18:00:00,23.9,26.1,85.0,947.1,15.3,246.0,0.0,88.0,15.94,0.8,3.0,1
2026-08-17 19:00:00,23.4,25.7,87.0,947.4,14.0,250.0,0.0,88.0,17.98,0.05,3.0,0
2026-08-17 20:00:00,23.4,26.0,87.0,948.1,13.1,251.0,0.1,92.0,16.42,0.0,51.0,0
2026-08-17 21:00:00,23.1,25.4,88.0,948.6,14.3,245.0,0.0,92.0,21.56,0.0,3.0,0
2026-08-17 22:00:00,22.9,25.3,89.0,949.0,13.4,252.0,0.0,100.0,14.5,0.0,3.0,0
2026-08-17 23:00:00,23.0,25.5,89.0,948.7,13.4,253.0,0.0,95.0,13.88,0.0,3.0,0
2026-08-18 00:00:00,22.7,25.0,90.0,948.0,13.9,250.0,0.0,62.0,17.6,0.0,2.0,0
2026-08-18 01:00:00,22.6,24.8,90.0,947.4,14.1,255.0,0.0,82.0,19.58,0.0,3.0,0
2026-08-18 02:00:00,22.6,24.8,91.0,947.0,15.1,255.0,0.0,91.0,2.28,0.0,3.0,0
2026-08-18 03:00:00,22.5,24.8,92.0,946.9,14.7,256.0,0.0,77.0,2.88,0.0,2.0,0
2026-08-18 04:00:00,22.8,24.9,90.0,946.8,15.7,255.0,0.0,84.0,16.98,0.0,3.0,0
2026-08-18 05:00:00,23.0,25.3,90.0,946.9,15.3,255.0,0.0,94.0,10.16,0.0,3.0,0
2026-08-18 06:00:00,22.7,24.8,91.0,947.4,15.3,262.0,0.1,97.0,14.3,0.0,51.0,1
2026-08-18 07:00:00,23.3,25.9,89.0,948.1,12.9,258.0,0.0,93.0,11.24,0.45,3.0,1
2026-08-18 08:00:00,24.2,26.2,85.0,948.7,17.3,256.0,0.1,91.0,11.2,1.65,51.0,1
2026-08-18 09:00:00,24.9,26.8,81.0,949.2,18.0,258.0,0.0,92.0,9.22,2.55,3.0,1
2026-08-18 10:00:00,25.7,27.5,77.0,949.2,20.7,262.0,0.4,78.0,5.54,5.45,51.0,1
2026-08-18 11:00:00,26.4,29.0,74.0,949.1,22.0,270.0,0.8,66.0,9.56,5.45,53.0,1
2026-08-18 12:00:00,27.1,30.0,71.0,948.8,21.1,268.0,0.1,41.0,8.32,8.2,51.0,1
2026-08-18 13:00:00,27.0,30.0,72.0,948.4,22.0,270.0,0.3,17.0,10.9,8.4,51.0,1
2026-08-18 14:00:00,27.3,29.9,69.0,947.8,22.3,276.0,0.2,35.0,6.28,7.2,51.0,1
2026-08-18 15:00:00,26.3,28.9,76.0,947.1,21.2,275.0,0.3,39.0,19.6,5.5,51.0,1
2026-08-18 16:00:00,25.7,27.2,79.0,946.6,22.2,268.0,0.1,59.0,12.36,4.3,51.0,1
2026-08-18 17:00:00,25.1,26.9,81.0,946.9,19.6,277.0,0.0,100.0,9.56,2.3,3.0,1
2026-08-18 18:00:00,24.1,26.7,85.0,947.4,14.2,270.0,0.1,67.0,18.54,0.8,51.0,1
2026-08-18 19:00:00,23.4,25.7,88.0,947.7,15.5,271.0,0.0,63.0,16.24,0.05,2.0,0
2026-08-18 20:00:00,23.2,25.7,90.0,948.2,14.1,266.0,0.0,100.0,16.12,0.0,3.0,0
2026-08-18 21:00:00,23.6,26.5,89.0,948.5,12.7,264.0,0.0,100.0,12.54,0.0,3.0,0
2026-08-18 22:00:00,23.5,26.3,90.0,948.7,13.9,265.0,0.0,100.0,13.9,0.0,3.0,0
2026-08-18 23:00:00,23.1,25.7,90.0,948.0,13.4,264.0,0.0,100.0,13.44,0.0,3.0,0
2026-08-19 00:00:00,23.1,25.6,90.0,947.6,14.1,264.0,0.0,100.0,12.56,0.0,3.0,0
2026-08-19 01:00:00,23.0,25.3,90.0,947.3,14.4,267.0,0.0,100.0,13.5,0.0,3.0,0
2026-08-19 02:00:00,22.8,25.0,90.0,946.8,14.7,263.0,0.0,99.0,16.18,0.0,3.0,0
2026-08-19 03:00:00,22.5,24.7,90.0,946.7,14.0,263.0,0.0,100.0,17.9,0.0,3.0,0
2026-08-19 04:00:00,22.4,24.7,90.0,946.7,13.1,258.0,0.0,100.0,16.58,0.0,3.0,0
2026-08-19 05:00:00,22.9,25.5,90.0,946.8,12.9,263.0,0.0,100.0,20.8,0.0,3.0,0
2026-08-19 06:00:00,23.0,25.7,90.0,947.1,12.9,257.0,0.0,100.0,14.9,0.0,3.0,1
2026-08-19 07:00:00,23.4,26.1,90.0,947.4,13.9,265.0,0.0,100.0,11.64,0.45,3.0,1
2026-08-19 08:00:00,24.1,26.4,87.0,948.2,17.6,271.0,0.2,100.0,9.96,1.8,51.0,1
2026-08-19 09:00:00,25.0,27.1,81.0,949.0,17.3,274.0,0.1,98.0,14.44,2.9,51.0,1
2026-08-19 10:00:00,26.3,28.4,75.0,949.4,17.5,270.0,0.0,85.0,19.08,4.9,3.0,1
2026-08-19 11:00:00,26.6,29.8,74.0,949.2,17.3,271.0,0.0,99.0,22.18,6.05,3.0,1
2026-08-19 12:00:00,27.5,30.3,68.0,948.8,18.7,277.0,0.0,98.0,28.32,6.9,3.0,1
2026-08-19 13:00:00,27.3,30.2,69.0,948.5,18.4,276.0,0.0,100.0,33.26,6.85,3.0,1
2026-08-19 14:00:00,27.0,29.0,70.0,947.9,20.1,279.0,0.0,100.0,12.92,6.0,3.0,1
2026-08-19 15:00:00,26.5,28.2,73.0,947.5,18.3,277.0,0.0,100.0,19.58,5.05,3.0,1
2026-08-19 16:00:00,25.6,27.2,77.0,947.4,19.7,283.0,0.1,100.0,13.86,2.85,51.0,1
2026-08-19 17:00:00,25.0,27.3,81.0,947.3,16.0,272.0,0.0,100.0,20.68,1.3,3.0,1
2026-08-19 18:00:00,24.4,27.1,85.0,947.6,13.5,270.0,0.0,100.0,19.48,0.45,3.0,1
2026-08-19 19:00:00,23.6,26.2,88.0,947.9,14.0,269.0,0.0,100.0,17.84,0.0,3.0,0
2026-08-19 20:00:00,23.6,26.1,89.0,948.3,14.8,266.0,0.0,100.0,18.96,0.0,3.0,0
2026-08-19 21:00:00,23.3,25.7,90.0,948.6,15.3,267.0,0.0,100.0,18.34,0.0,3.0,0
2026-08-19 22:00:00,23.3,25.7,89.0,948.8,15.5,265.0,0.0,99.0,19.38,0.0,3.0,0
2026-08-19 23:00:00,23.0,25.3,90.0,948.5,14.3,263.0,0.0,98.0,17.28,0.0,3.0,0
2026-08-20 00:00:00,23.1,25.6,91.0,947.7,14.1,266.0,0.0,100.0,12.8,0.0,3.0,0
2026-08-20 01:00:00,23.3,25.8,90.0,947.3,15.3,273.0,0.0,100.0,15.32,0.0,3.0,0
2026-08-20 02:00:00,23.2,25.5,90.0,947.0,15.8,271.0,0.0,100.0,13.46,0.0,3.0,0
2026-08-20 03:00:00,23.0,25.5,91.0,947.0,14.2,272.0,0.0,100.0,11.34,0.0,3.0,0
2026-08-20 04:00:00,22.8,25.5,92.0,947.0,13.3,271.0,0.0,100.0,13.08,0.0,3.0,0
2026-08-20 05:00:00,23.0,25.9,91.0,947.1,11.8,261.0,0.1,100.0,11.02,0.0,51.0,0
2026-08-20 06:00:00,23.1,25.9,90.0,947.6,12.0,254.0,0.1,97.0,12.64,0.0,51.0,1
2026-08-20 07:00:00,23.3,25.8,88.0,948.0,13.7,261.0,0.0,95.0,11.6,0.45,3.0,1
2026-08-20 08:00:00,24.2,26.4,84.0,948.7,16.0,271.0,0.0,74.0,18.94,1.8,2.0,1
2026-08-20 09:00:00,25.4,27.4,78.0,949.1,16.8,276.0,0.0,59.0,18.1,3.55,2.0,1
2026-08-20 10:00:00,26.3,28.7,74.0,949.3,17.5,273.0,0.1,73.0,16.6,5.05,51.0,1
2026-08-20 11:00:00,26.9,29.7,70.0,949.3,16.5,276.0,0.0,50.0,34.16,6.35,2.0,1
2026-08-20 12:00:00,27.5,30.7,67.0,948.6,15.6,282.0,0.0,50.0,34.24,8.2,2.0,1
2026-08-20 13:00:00,28.2,31.5,64.0,948.0,18.9,278.0,0.0,100.0,14.52,8.0,3.0,1
2026-08-20 14:00:00,27.0,28.6,69.0,947.1,18.4,276.0,0.0,46.0,20.68,7.6,1.0,1
2026-08-20 15:00:00,27.3,29.4,69.0,946.9,18.8,279.0,0.0,40.0,24.22,6.2,1.0,1
2026-08-20 16:00:00,26.3,28.0,73.0,946.8,18.4,280.0,0.0,15.0,12.82,4.35,0.0,1
2026-08-20 17:00:00,25.8,28.0,76.0,946.8,15.0,276.0,0.1,29.0,21.1,2.35,51.0,1
2026-08-20 18:00:00,24.8,27.1,79.0,947.1,14.0,270.0,0.0,27.0,22.2,0.8,1.0,1
2026-08-20 19:00:00,23.6,25.9,84.0,947.6,13.2,258.0,0.0,19.0,22.08,0.05,0.0,0
2026-08-20 20:00:00,23.0,25.4,88.0,947.7,13.0,253.0,0.0,35.0,21.32,0.0,1.0,0
2026-08-20 21:00:00,23.0,25.2,89.0,948.0,14.1,255.0,0.0,33.0,20.72,0.0,1.0,0
2026-08-20 22:00:00,22.9,25.2,89.0,948.2,13.9,259.0,0.0,39.0,20.8,0.0,1.0,0
2026-08-20 23:00:00,22.7,24.9,88.0,947.7,13.2,264.0,0.0,17.0,19.82,0.0,0.0,0
2026-08-21 00:00:00,22.5,25.0,89.0,947.4,11.8,264.0,0.0,52.0,19.22,0.0,2.0,0
2026-08-21 01:00:00,22.7,25.4,90.0,947.3,11.0,265.0,0.0,100.0,17.26,0.0,3.0,0
2026-08-21 02:00:00,22.7,25.4,90.0,947.1,11.1,263.0,0.0,93.0,18.2,0.0,3.0,0
2026-08-21 03:00:00,22.4,25.1,91.0,946.8,10.3,269.0,0.0,81.0,17.08,0.0,3.0,0
2026-08-21 04:00:00,22.4,25.2,90.0,946.7,10.3,267.0,0.0,27.0,19.92,0.0,1.0,0
2026-08-21 05:00:00,22.3,24.9,91.0,946.5,11.3,260.0,0.0,49.0,20.86,0.0,1.0,0
2026-08-21 06:00:00,22.3,24.8,90.0,946.9,11.5,262.0,0.0,54.0,19.24,0.0,2.0,1
2026-08-21 07:00:00,23.0,25.4,88.0,947.6,12.4,268.0,0.0,96.0,17.74,0.45,3.0,1
2026-08-21 08:00:00,23.7,26.0,84.0,948.2,13.7,266.0,0.0,43.0,11.52,1.85,1.0,1
2026-08-21 09:00:00,25.3,27.3,75.0,948.6,14.2,269.0,0.0,79.0,19.2,3.4,2.0,1
2026-08-21 10:00:00,26.5,28.4,69.0,948.4,16.7,269.0,0.1,85.0,28.32,5.6,51.0,1
2026-08-21 11:00:00,27.4,29.8,65.0,948.3,17.3,267.0,0.0,25.0,31.84,7.35,1.0,1
2026-08-21 12:00:00,28.1,31.3,63.0,947.8,15.9,265.0,0.0,30.0,33.9,8.15,1.0,1
2026-08-21 13:00:00,28.1,31.1,61.0,947.1,16.8,265.0,0.1,25.0,6.2,8.15,51.0,1
2026-08-21 14:00:00,27.0,29.5,67.0,946.6,18.8,265.0,0.5,54.0,4.48,6.65,53.0,1
2026-08-21 15:00:00,26.8,28.8,70.0,946.1,19.4,264.0,0.6,16.0,17.34,6.15,53.0,1
2026-08-21 16:00:00,26.2,27.7,72.0,945.9,18.9,267.0,0.0,25.0,17.28,4.35,1.0,1
2026-08-21 17:00:00,25.5,27.5,75.0,946.0,15.9,261.0,0.0,17.0,22.18,2.3,0.0,1
2026-08-21 18:00:00,24.5,26.5,79.0,946.3,14.5,265.0,0.0,25.0,26.1,0.75,1.0,1
2026-08-21 19:00:00,23.5,25.8,85.0,946.9,12.9,261.0,0.0,43.0,23.32,0.05,1.0,0
2026-08-21 20:00:00,23.1,25.5,86.0,947.3,12.8,260.0,0.0,52.0,20.3,0.0,2.0,0
2026-08-21 21:00:00,23.1,25.7,87.0,947.9,11.9,259.0,0.0,45.0,19.2,0.0,1.0,0
2026-08-21 22:00:00,23.0,25.4,88.0,948.3,12.7,259.0,0.0,58.0,20.04,0.0,2.0,0
2026-08-21 23:00:00,22.7,25.0,88.0,947.8,12.3,258.0,0.0,88.0,19.14,0.0,3.0,0
2026-08-22 00:00:00,22.4,24.9,90.0,947.2,11.2,258.0,0.0,70.0,18.98,0.0,2.0,0
2026-08-22 01:00:00,22.3,25.0,90.0,946.8,10.2,256.0,0.0,88.0,10.92,0.0,3.0,0
2026-08-22 02:00:00,22.3,25.0,91.0,946.2,10.0,255.0,0.0,96.0,6.8,0.0,3.0,0
2026-08-22 03:00:00,22.4,24.9,90.0,945.9,11.4,252.0,0.0,100.0,10.8,0.0,3.0,0
2026-08-22 04:00:00,22.4,25.1,90.0,946.2,10.1,254.0,0.0,95.0,16.8,0.0,3.0,0
2026-08-22 05:00:00,23.0,25.6,89.0,946.1,12.5,254.0,0.0,100.0,16.78,0.0,3.0,0
2026-08-22 06:00:00,23.1,25.8,88.0,946.6,10.9,261.0,0.0,78.0,19.08,0.0,2.0,1
2026-08-22 07:00:00,23.3,25.9,87.0,947.0,11.6,257.0,0.0,86.0,9.46,0.45,3.0,1
2026-08-22 08:00:00,23.9,26.1,84.0,947.7,14.9,255.0,0.0,95.0,11.66,1.55,3.0,1
2026-08-22 09:00:00,24.8,26.8,79.0,948.1,15.8,258.0,0.2,57.0,8.42,3.3,51.0,1
2026-08-22 10:00:00,25.7,27.5,74.0,948.2,17.2,264.0,0.2,82.0,8.22,5.0,51.0,1
2026-08-22 11:00:00,26.1,28.1,74.0,948.0,20.1,276.0,0.5,66.0,9.7,6.85,53.0,1
2026-08-22 12:00:00,27.0,30.2,71.0,947.2,17.4,277.0,0.1,84.0,30.44,7.8,51.0,1
2026-08-22 13:00:00,26.6,28.7,68.0,947.0,20.4,282.0,0.6,98.0,7.78,8.0,53.0,1
2026-08-22 14:00:00,25.9,27.5,73.0,946.1,16.8,274.0,0.1,98.0,7.22,7.35,51.0,1
2026-08-22 15:00:00,25.9,27.7,75.0,945.8,18.1,276.0,0.4,98.0,29.8,5.8,51.0,1
2026-08-22 16:00:00,25.1,26.7,77.0,945.3,18.6,283.0,0.0,77.0,28.04,3.65,2.0,1
2026-08-22 17:00:00,25.0,26.9,79.0,945.2,17.5,272.0,0.0,85.0,7.12,2.15,3.0,1
2026-08-22 18:00:00,24.0,26.4,85.0,945.6,15.3,272.0,0.2,100.0,13.62,0.45,51.0,1
2026-08-22 19:00:00,23.7,26.2,87.0,946.1,13.7,261.0,0.0,82.0,19.96,0.0,3.0,0
2026-08-22 20:00:00,23.2,25.8,88.0,946.6,12.1,260.0,0.0,53.0,17.0,0.0,2.0,0
2026-08-22 21:00:00,23.2,25.9,88.0,947.1,11.8,258.0,0.0,22.0,20.32,0.0,1.0,0
2026-08-22 22:00:00,23.1,26.0,89.0,947.3,11.1,261.0,0.0,100.0,16.2,0.0,3.0,0
2026-08-22 23:00:00,23.4,26.5,89.0,946.9,10.0,252.0,0.0,93.0,17.72,0.0,3.0,0
2026-08-23 00:00:00,23.3,26.1,89.0,946.2,12.2,244.0,0.0,26.0,22.32,0.0,1.0,0
2026-08-23 01:00:00,22.9,25.6,89.0,945.7,10.8,252.0,0.0,49.0,18.7,0.0,1.0,0
2026-08-23 02:00:00,22.8,25.7,90.0,945.3,9.9,261.0,0.0,57.0,18.58,0.0,2.0,0
2026-08-23 03:00:00,22.6,25.4,91.0,945.0,10.8,272.0,0.0,66.0,15.06,0.0,2.0,0
2026-08-23 04:00:00,22.6,25.2,89.0,945.0,10.4,270.0,0.0,52.0,19.18,0.0,2.0,0
2026-08-23 05:00:00,22.9,25.8,91.0,945.1,10.7,262.0,0.0,58.0,12.42,0.0,2.0,0
2026-08-23 06:00:00,22.9,25.9,90.0,945.7,9.9,265.0,0.0,71.0,17.22,0.0,2.0,1
2026-08-23 07:00:00,23.4,26.2,87.0,946.5,10.9,261.0,0.0,84.0,16.42,0.45,3.0,1
2026-08-23 08:00:00,24.4,26.7,82.0,947.0,14.9,258.0,0.0,88.0,14.24,1.5,3.0,1
2026-08-23 09:00:00,25.8,27.7,74.0,947.5,15.9,264.0,0.1,60.0,12.56,3.75,51.0,1
2026-08-23 10:00:00,26.4,28.6,71.0,947.7,15.5,265.0,0.1,38.0,6.7,5.75,51.0,1
2026-08-23 11:00:00,26.8,29.6,72.0,947.5,18.4,265.0,0.3,35.0,6.36,7.3,51.0,1
2026-08-23 12:00:00,27.6,30.9,69.0,947.1,18.9,271.0,0.3,19.0,9.4,8.25,51.0,1
2026-08-23 13:00:00,27.4,31.1,71.0,946.5,19.3,268.0,0.3,31.0,8.26,8.3,51.0,1
2026-08-23 14:00:00,27.1,30.3,72.0,945.8,19.8,267.0,0.2,34.0,6.52,7.4,51.0,1
2026-08-23 15:00:00,26.7,29.1,74.0,945.7,19.3,269.0,0.4,33.0,6.96,6.05,51.0,1
2026-08-23 16:00:00,26.2,28.0,77.0,945.3,20.4,273.0,0.4,41.0,7.96,4.3,51.0,1
2026-08-23 17:00:00,25.7,27.6,77.0,945.6,17.5,267.0,0.1,39.0,22.14,2.3,51.0,1
2026-08-23 18:00:00,24.6,27.0,83.0,945.9,14.8,269.0,0.0,85.0,21.48,0.75,3.0,1
2026-08-23 19:00:00,23.8,26.5,87.0,946.5,13.6,263.0,0.0,98.0,18.04,0.05,3.0,0
2026-08-23 20:00:00,23.5,26.2,88.0,946.9,13.1,261.0,0.0,98.0,18.58,0.0,3.0,0
2026-08-23 21:00:00,23.3,26.2,89.0,947.6,11.9,264.0,0.0,98.0,20.06,0.0,3.0,0
2026-08-23 22:00:00,23.2,26.2,90.0,948.0,10.8,267.0,0.0,98.0,19.06,0.0,3.0,0
2026-08-23 23:00:00,23.3,26.2,89.0,947.4,11.6,265.0,0.0,99.0,18.36,0.0,3.0,0
2026-08-24 00:00:00,23.1,26.0,90.0,946.7,11.0,265.0,0.0,100.0,17.76,0.0,3.0,0
2026-08-24 01:00:00,22.9,25.8,91.0,946.3,10.8,265.0,0.0,100.0,15.32,0.0,3.0,0
2026-08-24 02:00:00,22.9,26.0,91.0,945.7,10.3,265.0,0.0,83.0,15.4,0.0,3.0,0
2026-08-24 03:00:00,22.7,25.8,92.0,945.3,9.4,265.0,0.0,100.0,14.18,0.0,3.0,0
2026-08-24 04:00:00,22.6,25.9,93.0,945.3,8.4,260.0,0.0,100.0,13.38,0.0,3.0,0
2026-08-24 05:00:00,23.4,26.6,90.0,945.3,10.3,265.0,0.0,100.0,13.56,0.0,3.0,0
2026-08-24 06:00:00,23.2,26.4,91.0,945.8,10.3,270.0,0.0,99.0,14.56,0.0,3.0,1
2026-08-24 07:00:00,23.5,26.7,89.0,946.7,10.3,272.0,0.0,98.0,14.8,0.45,3.0,1
2026-08-24 08:00:00,24.6,27.2,83.0,947.4,13.5,273.0,0.0,84.0,11.24,1.85,3.0,1
2026-08-24 09:00:00,25.8,28.3,76.0,948.1,13.2,275.0,0.1,80.0,12.88,3.8,51.0,1
2026-08-24 10:00:00,26.9,29.4,70.0,948.0,13.5,273.0,0.0,72.0,21.8,5.55,2.0,1
2026-08-24 11:00:00,27.5,30.1,69.0,947.6,17.3,268.0,0.0,50.0,26.52,7.4,2.0,1
2026-08-24 12:00:00,28.2,31.6,65.0,947.2,15.9,267.0,0.0,45.0,32.64,8.25,1.0,1
2026-08-24 13:00:00,28.2,31.8,66.0,946.7,18.0,279.0,0.5,80.0,3.24,8.3,53.0,1
2026-08-24 14:00:00,27.0,29.4,73.0,946.0,20.7,271.0,0.9,34.0,8.04,7.4,53.0,1
2026-08-24 15:00:00,27.5,30.1,69.0,945.8,18.9,272.0,0.1,52.0,18.42,6.0,51.0,1
2026-08-24 16:00:00,27.1,28.6,70.0,945.4,20.4,273.0,0.0,70.0,11.24,4.0,2.0,1
2026-08-24 17:00:00,26.0,28.1,76.0,945.3,17.1,266.0,0.0,34.0,18.1,2.05,1.0,1
2026-08-24 18:00:00,24.6,27.1,83.0,945.7,14.2,266.0,0.0,48.0,20.4,0.7,1.0,1
2026-08-24 19:00:00,23.9,26.2,85.0,946.3,14.0,261.0,0.0,77.0,21.38,0.05,2.0,0
2026-08-24 20:00:00,23.4,26.0,87.0,946.9,12.7,254.0,0.0,95.0,18.7,0.0,3.0,0
2026-08-24 21:00:00,23.3,26.2,89.0,947.4,11.7,256.0,0.0,83.0,12.86,0.0,3.0,0
2026-08-24 22:00:00,23.2,26.2,90.0,947.8,11.4,255.0,0.0,74.0,14.46,0.0,2.0,0
2026-08-24 23:00:00,23.2,26.1,89.0,947.5,11.2,254.0,0.0,98.0,17.24,0.0,3.0,0
2026-08-25 00:00:00,23.0,25.8,89.0,946.9,11.0,264.0,0.0,95.0,16.04,0.0,3.0,0
2026-08-25 01:00:00,22.8,25.6,91.0,946.5,11.5,261.0,0.0,97.0,16.52,0.0,3.0,0
2026-08-25 02:00:00,22.9,25.5,90.0,945.6,12.2,262.0,0.0,94.0,16.16,0.0,3.0,0
2026-08-25 03:00:00,22.6,25.3,90.0,945.6,11.2,264.0,0.0,88.0,16.18,0.0,3.0,0
2026-08-25 04:00:00,22.6,25.4,90.0,945.3,10.9,279.0,0.0,88.0,14.58,0.0,3.0,0
2026-08-25 05:00:00,22.6,25.4,90.0,945.5,10.5,264.0,0.0,83.0,17.5,0.0,3.0,0
2026-08-25 06:00:00,22.6,25.6,91.0,946.1,9.0,264.0,0.0,91.0,13.84,0.0,3.0,1
2026-08-25 07:00:00,23.1,26.2,89.0,946.6,9.6,266.0,0.0,91.0,12.22,0.45,3.0,1
2026-08-25 08:00:00,24.3,26.8,83.0,947.3,13.7,268.0,0.0,94.0,17.04,1.85,3.0,1
2026-08-25 09:00:00,25.3,27.5,77.0,948.0,14.6,274.0,0.1,98.0,13.92,3.7,51.0,1
2026-08-25 10:00:00,26.6,29.1,71.0,948.2,15.3,279.0,0.0,100.0,12.62,5.65,3.0,1
2026-08-25 11:00:00,26.6,29.5,73.0,948.6,17.7,273.0,0.2,99.0,5.78,6.75,51.0,1
2026-08-25 12:00:00,27.3,31.0,69.0,947.9,16.4,274.0,0.2,95.0,20.58,7.7,51.0,1
2026-08-25 13:00:00,28.1,31.7,65.0,947.0,17.3,268.0,0.0,50.0,32.2,8.1,2.0,1
2026-08-25 14:00:00,28.3,31.2,64.0,946.4,20.2,270.0,0.0,99.0,15.52,7.15,3.0,1
2026-08-25 15:00:00,27.4,29.5,68.0,946.2,19.4,270.0,0.0,67.0,24.46,6.2,2.0,1
2026-08-25 16:00:00,26.6,28.1,71.0,945.8,19.3,269.0,0.0,63.0,17.18,3.95,2.0,1
2026-08-25 17:00:00,26.0,27.8,74.0,946.1,17.6,262.0,0.0,28.0,21.42,2.1,1.0,1
2026-08-25 18:00:00,24.7,26.9,81.0,946.3,15.1,262.0,0.0,27.0,19.46,0.7,1.0,1
2026-08-25 19:00:00,23.7,26.0,85.0,946.9,14.1,260.0,0.0,47.0,19.3,0.05,1.0,0
2026-08-25 20:00:00,23.3,25.8,88.0,947.4,13.6,258.0,0.0,70.0,18.42,0.0,2.0,0
2026-08-25 21:00:00,23.3,26.0,88.0,948.3,12.4,261.0,0.0,77.0,18.38,0.0,2.0,0
2026-08-25 22:00:00,23.4,26.3,89.0,948.8,11.9,260.0,0.0,88.0,16.84,0.0,3.0,0
2026-08-25 23:00:00,23.2,25.9,89.0,948.3,11.9,265.0,0.0,79.0,18.9,0.0,2.0,0
2026-08-26 00:00:00,23.0,25.3,89.0,947.8,14.4,261.0,0.0,59.0,17.68,0.0,2.0,0
2026-08-26 01:00:00,22.7,25.0,91.0,947.5,13.8,263.0,0.0,63.0,14.32,0.0,2.0,0
2026-08-26 02:00:00,22.7,25.0,90.0,947.0,13.7,265.0,0.0,58.0,17.12,0.0,2.0,0
2026-08-26 03:00:00,22.6,24.8,90.0,946.7,13.9,266.0,0.0,59.0,17.82,0.0,2.0,0
2026-08-26 04:00:00,22.6,24.8,90.0,946.8,13.9,264.0,0.0,69.0,16.2,0.0,2.0,0
2026-08-26 05:00:00,22.9,25.6,90.0,947.0,12.0,261.0,0.0,55.0,16.48,0.0,2.0,0
2026-08-26 06:00:00,22.6,25.4,92.0,947.3,11.2,273.0,0.0,100.0,4.38,0.0,3.0,1
2026-08-26 07:00:00,22.9,25.4,91.0,947.8,13.9,276.0,0.1,99.0,8.16,0.45,51.0,1
2026-08-26 08:00:00,24.0,26.3,85.0,948.4,15.3,279.0,0.2,45.0,10.54,1.85,51.0,1
2026-08-26 09:00:00,25.4,27.5,78.0,948.9,16.6,280.0,0.1,38.0,12.18,3.75,51.0,1
2026-08-26 10:00:00,26.5,28.5,73.0,948.7,19.1,275.0,0.2,33.0,12.3,5.8,51.0,1
2026-08-26 11:00:00,27.5,30.0,69.0,948.5,18.1,276.0,0.0,38.0,19.04,6.7,1.0,1
2026-08-26 12:00:00,28.1,31.3,66.0,948.3,17.5,274.0,0.0,91.0,22.36,8.2,3.0,1
2026-08-26 13:00:00,28.3,31.5,64.0,947.7,18.2,273.0,0.1,58.0,12.3,8.35,51.0,1
2026-08-26 14:00:00,28.1,31.3,66.0,947.2,19.1,272.0,0.0,56.0,14.92,7.55,2.0,1
2026-08-26 15:00:00,27.7,30.2,67.0,946.7,18.2,272.0,0.1,15.0,13.36,5.85,51.0,1
2026-08-26 16:00:00,27.0,28.7,71.0,946.2,18.8,273.0,0.0,17.0,16.64,4.25,0.0,1
2026-08-26 17:00:00,26.1,28.1,74.0,946.6,16.6,271.0,0.0,32.0,22.52,2.2,1.0,1
2026-08-26 18:00:00,25.0,27.4,79.0,946.9,14.3,265.0,0.0,29.0,23.7,0.65,1.0,1
2026-08-26 19:00:00,23.9,26.3,85.0,947.4,13.9,264.0,0.0,44.0,20.3,0.05,1.0,0
2026-08-26 20:00:00,23.7,26.0,85.0,947.8,13.4,256.0,0.0,8.0,23.2,0.0,0.0,0
2026-08-26 21:00:00,23.3,25.9,86.0,948.5,12.1,260.0,0.0,46.0,21.02,0.0,1.0,0
2026-08-26 22:00:00,23.1,26.0,89.0,949.0,10.5,258.0,0.0,88.0,16.86,0.0,3.0,0
2026-08-26 23:00:00,23.1,25.7,88.0,948.5,12.4,257.0,0.0,61.0,11.8,0.0,2.0,0
2026-08-27 00:00:00,23.1,25.7,89.0,948.0,12.5,266.0,0.0,64.0,11.84,0.0,2.0,0
2026-08-27 01:00:00,23.2,25.9,89.0,947.7,12.2,261.0,0.0,98.0,14.88,0.0,3.0,0
2026-08-27 02:00:00,23.0,25.7,90.0,947.3,12.1,264.0,0.0,100.0,13.46,0.0,3.0,0
2026-08-27 03:00:00,22.9,25.5,89.0,946.6,12.6,267.0,0.0,98.0,15.0,0.0,3.0,0
2026-08-27 04:00:00,22.8,25.4,90.0,946.8,12.5,265.0,0.0,100.0,13.3,0.0,3.0,0
2026-08-27 05:00:00,22.8,25.4,91.0,946.9,12.8,261.0,0.0,99.0,12.08,0.0,3.0,0
2026-08-27 06:00:00,23.1,25.4,88.0,947.1,14.1,256.0,0.0,82.0,15.48,0.0,3.0,1
2026-08-27 07:00:00,23.3,25.7,86.0,947.8,13.3,261.0,0.0,64.0,14.36,0.45,2.0,1
2026-08-27 08:00:00,24.0,25.8,83.0,948.3,17.7,260.0,0.0,38.0,13.4,1.85,1.0,1
2026-08-27 09:00:00,25.4,26.7,75.0,948.7,19.7,264.0,0.2,28.0,9.88,3.65,51.0,1
2026-08-27 10:00:00,26.4,28.6,70.0,948.9,17.5,269.0,0.0,14.0,24.5,5.7,0.0,1
2026-08-27 11:00:00,27.3,29.8,64.0,949.0,18.8,260.0,0.0,21.0,18.74,7.2,1.0,1
2026-08-27 12:00:00,27.6,30.9,63.0,948.3,17.5,270.0,0.0,16.0,8.78,8.2,0.0,1
2026-08-27 13:00:00,26.8,29.1,66.0,947.7,22.0,268.0,0.8,60.0,2.9,8.15,53.0,1
2026-08-27 14:00:00,26.6,28.6,70.0,946.9,19.1,269.0,0.6,25.0,11.12,7.05,53.0,1
2026-08-27 15:00:00,26.5,28.4,68.0,946.8,19.4,264.0,0.4,38.0,10.44,5.65,51.0,1
2026-08-27 16:00:00,26.0,27.0,71.0,946.3,19.6,268.0,0.1,38.0,6.38,4.15,51.0,1
2026-08-27 17:00:00,25.4,27.0,75.0,946.4,17.7,272.0,0.2,30.0,16.16,2.2,51.0,1
2026-08-27 18:00:00,24.1,26.1,83.0,946.8,16.2,271.0,0.0,29.0,12.72,0.7,1.0,1
2026-08-27 19:00:00,23.3,25.6,86.0,947.3,13.6,258.0,0.0,52.0,17.26,0.05,2.0,0
2026-08-27 20:00:00,23.0,25.0,85.0,947.8,13.5,256.0,0.0,41.0,19.88,0.0,1.0,0
2026-08-27 21:00:00,22.7,24.8,87.0,948.4,13.2,253.0,0.0,41.0,18.7,0.0,1.0,0
2026-08-27 22:00:00,22.7,25.1,88.0,948.5,12.5,254.0,0.0,47.0,19.66,0.0,1.0,0
2026-08-27 23:00:00,22.8,25.0,88.0,948.1,13.4,255.0,0.0,100.0,19.26,0.0,3.0,0
2026-08-28 00:00:00,22.6,24.9,89.0,947.6,12.7,255.0,0.0,100.0,12.28,0.0,3.0,0
2026-08-28 01:00:00,22.5,24.9,90.0,947.3,12.1,255.0,0.1,100.0,13.4,0.0,51.0,0
2026-08-28 02:00:00,22.4,24.9,90.0,946.6,11.8,257.0,0.0,98.0,13.96,0.0,3.0,0
2026-08-28 03:00:00,22.3,24.3,90.0,946.4,14.7,263.0,0.0,91.0,8.84,0.0,3.0,0
2026-08-28 04:00:00,22.2,24.3,90.0,946.4,13.6,265.0,0.0,100.0,7.3,0.0,3.0,0
2026-08-28 05:00:00,22.6,24.7,90.0,946.6,14.6,272.0,0.0,100.0,13.38,0.0,3.0,0
2026-08-28 06:00:00,22.4,24.7,90.0,947.1,12.8,267.0,0.0,100.0,12.98,0.0,3.0,1
2026-08-28 07:00:00,23.0,25.0,87.0,947.6,15.9,258.0,0.0,89.0,9.02,0.45,3.0,1
2026-08-28 08:00:00,24.2,25.3,80.0,948.2,19.9,264.0,0.0,73.0,13.78,1.85,2.0,1
2026-08-28 09:00:00,25.3,26.4,75.0,948.4,19.9,264.0,0.0,31.0,15.54,3.75,1.0,1
2026-08-28 10:00:00,26.5,28.2,70.0,948.6,19.1,262.0,0.1,78.0,10.86,5.75,51.0,1
2026-08-28 11:00:00,26.9,28.9,67.0,948.4,20.4,264.0,0.2,44.0,7.52,7.35,51.0,1
2026-08-28 12:00:00,27.3,29.8,66.0,948.1,20.7,268.0,0.2,91.0,9.48,8.15,51.0,1
2026-08-28 13:00:00,26.8,28.9,69.0,947.5,22.7,266.0,0.3,51.0,9.06,8.35,51.0,1
2026-08-28 14:00:00,27.0,28.9,67.0,946.8,22.9,270.0,0.3,74.0,4.4,7.3,51.0,1
2026-08-28 15:00:00,26.3,28.1,72.0,946.5,22.9,265.0,0.7,41.0,6.5,6.0,53.0,1
2026-08-28 16:00:00,25.8,26.8,75.0,946.1,23.0,270.0,0.2,42.0,7.42,4.2,51.0,1
2026-08-28 17:00:00,25.0,26.5,78.0,946.4,18.6,273.0,0.2,72.0,11.78,2.15,51.0,1
2026-08-28 18:00:00,23.9,25.6,84.0,947.0,17.7,267.0,0.0,92.0,15.34,0.65,3.0,1
2026-08-28 19:00:00,23.2,25.1,86.0,947.2,15.3,262.0,0.0,99.0,15.7,0.0,3.0,0
2026-08-28 20:00:00,22.9,25.3,88.0,947.7,12.8,260.0,0.0,100.0,15.28,0.0,3.0,0
2026-08-28 21:00:00,23.1,25.6,87.0,948.5,12.8,259.0,0.0,94.0,15.86,0.0,3.0,0
2026-08-28 22:00:00,23.0,25.4,89.0,948.7,13.7,257.0,0.0,88.0,16.84,0.0,3.0,0
2026-08-28 23:00:00,23.0,25.1,88.0,948.2,14.8,260.0,0.0,100.0,15.56,0.0,3.0,0
2026-08-29 00:00:00,22.8,25.1,90.0,947.7,14.4,261.0,0.0,100.0,11.7,0.0,3.0,0
2026-08-29 01:00:00,23.0,25.6,90.0,947.2,12.8,264.0,0.0,98.0,14.32,0.0,3.0,0
2026-08-29 02:00:00,23.0,25.0,89.0,946.7,16.0,267.0,0.0,100.0,13.06,0.0,3.0,0
2026-08-29 03:00:00,22.9,24.7,89.0,946.5,17.1,266.0,0.1,100.0,12.58,0.0,51.0,0
2026-08-29 04:00:00,22.8,24.6,90.0,946.5,17.1,263.0,0.0,100.0,11.68,0.0,3.0,0
2026-08-29 05:00:00,22.5,24.1,91.0,946.3,18.4,266.0,0.1,98.0,9.1,0.0,51.0,0
2026-08-29 06:00:00,22.3,24.2,92.0,946.8,16.4,269.0,0.0,100.0,12.08,0.0,3.0,1
2026-08-29 07:00:00,22.9,24.7,89.0,947.4,17.5,266.0,0.1,99.0,11.2,0.45,51.0,1
2026-08-29 08:00:00,23.8,25.2,84.0,948.0,20.1,264.0,0.1,95.0,14.34,1.85,51.0,1
2026-08-29 09:00:00,25.4,26.5,76.0,948.6,22.0,269.0,0.0,64.0,15.32,3.6,2.0,1
2026-08-29 10:00:00,25.8,27.4,75.0,948.8,22.7,271.0,0.3,63.0,4.86,5.05,51.0,1
2026-08-29 11:00:00,26.5,28.2,70.0,948.9,22.4,267.0,0.8,84.0,4.26,6.85,53.0,1
2026-08-29 12:00:00,26.4,28.8,71.0,948.4,22.5,272.0,1.1,98.0,4.5,7.75,55.0,1
2026-08-29 13:00:00,26.4,28.5,72.0,947.9,23.3,264.0,0.9,96.0,10.42,7.45,53.0,1
2026-08-29 14:00:00,26.1,28.3,74.0,947.2,22.5,276.0,0.4,97.0,4.36,7.5,51.0,1
2026-08-29 15:00:00,25.7,27.1,76.0,946.9,24.5,269.0,0.5,89.0,8.62,6.05,53.0,1
2026-08-29 16:00:00,25.2,25.9,78.0,946.5,24.7,273.0,0.3,77.0,6.5,3.9,51.0,1
2026-08-29 17:00:00,24.4,25.8,82.0,946.8,20.7,263.0,0.2,68.0,9.36,2.0,51.0,1
2026-08-29 18:00:00,23.4,25.0,85.0,947.1,17.9,264.0,0.1,77.0,15.9,0.6,51.0,1
2026-08-29 19:00:00,23.0,25.0,87.0,947.5,15.4,260.0,0.0,100.0,13.8,0.0,3.0,0
2026-08-29 20:00:00,23.1,25.0,87.0,948.0,16.6,268.0,0.0,88.0,13.9,0.0,3.0,0
2026-08-29 21:00:00,22.5,24.0,89.0,948.4,18.4,266.0,0.0,79.0,14.76,0.0,2.0,0
2026-08-29 22:00:00,22.3,24.0,90.0,948.5,16.8,264.0,0.0,84.0,17.66,0.0,3.0,0
2026-08-29 23:00:00,22.4,24.1,90.0,948.0,17.2,265.0,0.0,100.0,14.92,0.0,3.0,0
2026-08-30 00:00:00,22.4,24.0,89.0,947.7,17.3,266.0,0.0,95.0,6.76,0.0,3.0,0
2026-08-30 01:00:00,22.0,23.5,90.0,947.1,17.5,262.0,0.0,91.0,10.34,0.0,3.0,0
2026-08-30 02:00:00,21.9,23.1,88.0,946.6,17.9,260.0,0.0,65.0,18.36,0.0,2.0,0
2026-08-30 03:00:00,21.8,23.1,90.0,946.1,17.9,264.0,0.0,93.0,16.14,0.0,3.0,0
2026-08-30 04:00:00,22.0,23.6,91.0,946.0,17.1,266.0,0.0,98.0,11.92,0.0,3.0,0
2026-08-30 05:00:00,22.2,23.4,90.0,946.3,19.5,266.0,0.0,70.0,14.4,0.0,2.0,0
2026-08-30 06:00:00,21.9,23.5,91.0,946.6,16.8,265.0,0.0,92.0,13.56,0.0,3.0,1
2026-08-30 07:00:00,22.6,24.1,89.0,947.3,18.5,263.0,0.0,66.0,13.42,0.45,2.0,1
2026-08-30 08:00:00,23.5,24.7,84.0,948.1,20.4,264.0,0.0,33.0,16.1,1.85,1.0,1
2026-08-30 09:00:00,25.4,26.4,73.0,948.6,20.2,268.0,0.0,42.0,19.1,3.8,1.0,1
2026-08-30 10:00:00,26.6,28.1,68.0,949.2,21.1,267.0,0.0,35.0,19.94,5.6,1.0,1
2026-08-30 11:00:00,27.0,29.2,66.0,949.3,19.8,266.0,0.0,30.0,23.72,7.1,1.0,1
2026-08-30 12:00:00,27.7,29.7,63.0,949.1,23.4,272.0,0.0,32.0,21.52,8.2,1.0,1
2026-08-30 13:00:00,28.0,29.9,62.0,948.5,24.2,273.0,0.0,28.0,20.28,8.25,1.0,1
2026-08-30 14:00:00,28.0,29.4,61.0,948.0,23.9,271.0,0.0,60.0,30.1,7.5,2.0,1
2026-08-30 15:00:00,27.0,28.2,67.0,948.1,21.6,270.0,0.1,28.0,17.8,6.15,51.0,1
2026-08-30 16:00:00,26.3,27.7,71.0,947.7,19.1,271.0,0.0,17.0,20.3,4.2,0.0,1
2026-08-30 17:00:00,25.8,27.6,73.0,947.6,16.3,264.0,0.0,18.0,23.56,2.0,0.0,1
2026-08-30 18:00:00,24.6,26.5,78.0,947.8,15.2,263.0,0.0,16.0,25.02,0.65,0.0,1
2026-08-30 19:00:00,23.7,25.9,82.0,948.3,13.1,263.0,0.0,34.0,20.96,0.0,1.0,0
2026-08-30 20:00:00,23.3,26.0,87.0,948.6,11.6,265.0,0.0,100.0,14.3,0.0,3.0,0
2026-08-30 21:00:00,23.5,26.3,87.0,949.0,11.9,264.0,0.0,100.0,14.36,0.0,3.0,0
2026-08-30 22:00:00,23.4,25.9,87.0,948.9,13.3,267.0,0.0,100.0,12.92,0.0,3.0,0
2026-08-30 23:00:00,22.8,25.1,89.0,948.6,13.8,263.0,0.0,100.0,13.88,0.0,3.0,0
2026-08-31 00:00:00,22.6,24.8,89.0,948.3,13.9,266.0,0.0,76.0,16.68,0.0,2.0,0
2026-08-31 01:00:00,22.3,24.4,90.0,947.9,13.9,266.0,0.0,100.0,14.42,0.0,3.0,0
2026-08-31 02:00:00,22.3,24.3,90.0,947.4,14.2,268.0,0.0,100.0,16.06,0.0,3.0,0
2026-08-31 03:00:00,22.4,24.3,89.0,946.9,15.0,266.0,0.0,98.0,16.78,0.0,3.0,0
2026-08-31 04:00:00,22.3,24.3,90.0,947.2,15.0,263.0,0.0,97.0,16.6,0.0,3.0,0
2026-08-31 05:00:00,22.4,24.1,88.0,947.4,15.5,266.0,0.0,98.0,14.14,0.0,3.0,0
2026-08-31 06:00:00,22.3,24.2,89.0,947.8,15.2,264.0,0.0,100.0,14.36,0.0,3.0,1
2026-08-31 07:00:00,23.0,25.1,87.0,948.2,13.9,266.0,0.0,87.0,13.94,0.45,3.0,1
2026-08-31 08:00:00,24.0,25.4,82.0,948.7,19.7,274.0,0.1,73.0,9.22,1.85,51.0,1
2026-08-31 09:00:00,25.5,26.5,74.0,949.2,20.6,274.0,0.1,67.0,12.6,3.7,51.0,1
2026-08-31 10:00:00,26.6,28.1,69.0,949.5,18.8,275.0,0.0,21.0,21.88,5.45,1.0,1
2026-08-31 11:00:00,27.6,30.1,63.0,949.4,17.9,273.0,0.0,7.0,29.62,7.0,0.0,1
2026-08-31 12:00:00,28.3,31.3,60.0,948.8,18.0,272.0,0.0,11.0,29.68,8.2,0.0,1
2026-08-31 13:00:00,28.6,31.4,58.0,948.0,18.8,279.0,0.0,18.0,12.48,7.8,0.0,1
2026-08-31 14:00:00,28.0,30.1,61.0,947.5,21.1,279.0,0.1,15.0,14.26,7.4,51.0,1
2026-08-31 15:00:00,27.6,29.4,63.0,947.1,18.9,277.0,0.0,12.0,15.14,6.05,0.0,1
2026-08-31 16:00:00,26.8,27.7,67.0,946.5,20.4,276.0,0.1,23.0,10.6,3.75,51.0,1
2026-08-31 17:00:00,25.9,27.7,74.0,946.8,16.9,270.0,0.1,33.0,14.06,2.05,51.0,1
2026-08-31 18:00:00,24.6,26.6,78.0,947.1,15.1,273.0,0.0,39.0,17.3,0.65,1.0,1
2026-08-31 19:00:00,23.7,26.0,84.0,947.8,13.1,263.0,0.0,44.0,21.36,0.0,1.0,0
2026-08-31 20:00:00,23.4,25.8,85.0,948.2,12.1,260.0,0.0,74.0,18.06,0.0,2.0,0
2026-08-31 21:00:00,23.3,25.9,86.0,948.6,12.0,254.0,0.0,81.0,17.96,0.0,3.0,0
2026-08-31 22:00:00,22.9,25.1,87.0,948.7,13.9,259.0,0.0,99.0,18.78,0.0,3.0,0
2026-08-31 23:00:00,22.8,25.1,87.0,948.4,12.7,263.0,0.0,81.0,20.9,0.0,3.0,0
2026-09-01 00:00:00,22.6,25.1,88.0,948.0,11.4,264.0,0.0,100.0,17.62,0.0,3.0,0
2026-09-01 01:00:00,22.5,24.9,90.0,947.3,12.7,264.0,0.0,100.0,16.3,0.0,3.0,0
2026-09-01 02:00:00,22.6,25.0,90.0,946.7,12.0,261.0,0.0,97.0,8.9,0.0,3.0,0
2026-09-01 03:00:00,22.5,24.7,89.0,946.3,13.7,268.0,0.0,98.0,16.02,0.0,3.0,0
2026-09-01 04:00:00,22.6,25.0,89.0,946.3,12.4,268.0,0.0,73.0,16.66,0.0,2.0,0
2026-09-01 05:00:00,22.5,24.6,89.0,946.4,13.3,267.0,0.0,94.0,15.2,0.0,3.0,0
2026-09-01 06:00:00,22.5,24.6,89.0,947.0,14.2,267.0,0.0,100.0,5.22,0.0,3.0,1
2026-09-01 07:00:00,23.3,25.0,84.0,947.8,16.4,266.0,0.0,52.0,11.42,0.4,2.0,1
2026-09-01 08:00:00,24.5,26.0,77.0,948.6,16.9,269.0,0.0,85.0,26.18,1.8,3.0,1
2026-09-01 09:00:00,26.0,27.6,71.0,949.1,16.0,271.0,0.0,76.0,16.08,3.8,2.0,1
2026-09-01 10:00:00,27.1,29.2,67.0,949.3,16.7,271.0,0.2,75.0,8.16,5.65,51.0,1
2026-09-01 11:00:00,28.1,31.3,61.0,949.5,15.7,272.0,0.2,73.0,15.86,7.4,51.0,1
2026-09-01 12:00:00,28.9,32.3,57.0,948.9,16.0,273.0,0.1,20.0,13.74,8.0,51.0,1
2026-09-01 13:00:00,29.1,32.1,57.0,948.3,17.2,276.0,0.0,13.0,12.86,8.05,0.0,1
2026-09-01 14:00:00,29.1,31.6,57.0,947.6,18.0,269.0,0.1,16.0,11.06,7.6,51.0,1
2026-09-01 15:00:00,28.4,29.9,57.0,947.0,18.7,271.0,0.3,43.0,5.7,6.05,51.0,1
2026-09-01 16:00:00,27.1,28.1,65.0,947.2,19.8,273.0,0.5,34.0,7.06,3.95,53.0,1
2026-09-01 17:00:00,26.1,27.8,74.0,947.5,18.4,280.0,0.1,49.0,9.7,2.2,51.0,1
2026-09-01 18:00:00,24.6,26.7,80.0,948.1,14.6,272.0,0.1,48.0,17.96,0.65,51.0,1
2026-09-01 19:00:00,23.9,26.3,83.0,948.6,13.0,269.0,0.0,34.0,20.44,0.0,1.0,0
2026-09-01 20:00:00,23.4,26.1,87.0,949.1,11.9,269.0,0.0,72.0,17.62,0.0,2.0,0
2026-09-01 21:00:00,23.4,26.2,88.0,949.7,11.5,269.0,0.0,98.0,15.86,0.0,3.0,0
2026-09-01 22:00:00,23.3,26.2,89.0,949.7,10.6,267.0,0.0,94.0,18.7,0.0,3.0,0
2026-09-01 23:00:00,23.0,25.7,87.0,948.9,10.4,256.0,0.0,57.0,19.14,0.0,2.0,0
2026-09-02 00:00:00,22.7,25.5,88.0,948.4,8.7,248.0,0.0,68.0,19.14,0.0,2.0,0
2026-09-02 01:00:00,22.4,25.2,90.0,948.1,9.6,249.0,0.0,95.0,19.04,0.0,3.0,0
2026-09-02 02:00:00,22.3,25.1,90.0,947.6,9.4,259.0,0.0,88.0,15.4,0.0,3.0,0
2026-09-02 03:00:00,22.5,25.3,90.0,947.5,9.5,261.0,0.0,100.0,16.9,0.0,3.0,0
2026-09-02 04:00:00,22.7,25.4,88.0,947.6,9.6,257.0,0.0,100.0,17.2,0.0,3.0,0
2026-09-02 05:00:00,22.9,25.9,90.0,947.3,10.4,262.0,0.0,80.0,7.02,0.0,3.0,0
2026-09-02 06:00:00,22.7,25.7,90.0,947.8,9.3,262.0,0.0,91.0,8.76,0.0,3.0,1
2026-09-02 07:00:00,23.5,26.2,85.0,948.5,11.3,257.0,0.0,93.0,13.32,0.35,3.0,1
2026-09-02 08:00:00,25.0,27.2,77.0,949.2,13.4,253.0,0.0,96.0,11.2,1.05,3.0,1
2026-09-02 09:00:00,26.1,28.1,72.0,949.7,14.5,253.0,0.2,52.0,6.26,2.4,51.0,1
2026-09-02 10:00:00,27.3,29.9,67.0,949.9,15.5,262.0,0.3,88.0,8.36,4.7,51.0,1
2026-09-02 11:00:00,27.8,30.9,65.0,949.3,16.0,259.0,0.1,97.0,7.1,6.35,51.0,1
2026-09-02 12:00:00,28.3,31.9,64.0,949.0,16.0,262.0,0.2,74.0,9.88,6.95,51.0,1
2026-09-02 13:00:00,27.6,30.2,65.0,948.5,19.9,264.0,0.4,53.0,4.62,7.6,51.0,1
2026-09-02 14:00:00,27.0,29.0,69.0,947.7,20.3,271.0,0.9,67.0,6.48,5.9,53.0,1
2026-09-02 15:00:00,27.1,29.5,70.0,947.3,17.0,274.0,0.3,90.0,12.76,5.35,51.0,1
2026-09-02 16:00:00,26.4,27.7,69.0,947.1,17.8,273.0,0.1,97.0,9.68,3.55,51.0,1
2026-09-02 17:00:00,25.5,27.5,76.0,947.3,15.8,272.0,0.2,99.0,13.54,1.6,51.0,1
2026-09-02 18:00:00,24.4,26.5,81.0,947.6,14.6,267.0,0.1,96.0,10.52,0.55,51.0,1
2026-09-02 19:00:00,23.5,26.0,86.0,948.5,13.2,258.0,0.0,96.0,14.36,0.0,3.0,0
2026-09-02 20:00:00,23.2,25.9,88.0,948.9,10.9,263.0,0.0,81.0,17.58,0.0,3.0,0
2026-09-02 21:00:00,22.9,25.9,90.0,949.2,9.6,262.0,0.0,83.0,16.62,0.0,3.0,0
2026-09-02 22:00:00,22.8,26.0,90.0,949.2,8.4,259.0,0.0,84.0,17.86,0.0,3.0,0
2026-09-02 23:00:00,22.8,25.7,88.0,948.6,9.0,254.0,0.0,94.0,18.7,0.0,3.0,0
2026-09-03 00:00:00,22.4,25.1,90.0,948.1,9.2,253.0,0.0,98.0,18.5,0.0,3.0,0
2026-09-03 01:00:00,22.2,25.1,90.0,947.8,8.1,253.0,0.0,95.0,17.76,0.0,3.0,0
2026-09-03 02:00:00,22.2,25.1,91.0,947.5,7.9,246.0,0.0,97.0,14.04,0.0,3.0,0
2026-09-03 03:00:00,22.2,25.1,91.0,947.2,8.1,252.0,0.0,98.0,10.96,0.0,3.0,0
2026-09-03 04:00:00,22.4,25.3,90.0,946.8,8.9,249.0,0.0,94.0,11.64,0.0,3.0,0
2026-09-03 05:00:00,22.3,25.1,90.0,946.9,8.9,256.0,0.0,99.0,17.36,0.0,3.0,0
2026-09-03 06:00:00,22.2,25.1,90.0,947.3,8.4,259.0,0.0,98.0,17.94,0.0,3.0,1
2026-09-03 07:00:00,22.9,25.5,87.0,948.0,9.9,265.0,0.0,99.0,13.9,0.4,3.0,1
2026-09-03 08:00:00,24.1,26.1,80.0,948.5,13.4,259.0,0.0,99.0,14.98,1.6,3.0,1
2026-09-03 09:00:00,25.4,27.2,73.0,949.1,15.0,260.0,0.0,84.0,25.92,3.5,3.0,1
2026-09-03 10:00:00,26.4,28.4,70.0,949.1,15.8,263.0,0.2,51.0,6.16,5.85,51.0,1
2026-09-03 11:00:00,27.6,30.0,65.0,949.0,17.0,266.0,0.2,38.0,7.88,7.3,51.0,1
2026-09-03 12:00:00,28.1,31.2,63.0,948.5,16.6,266.0,0.1,35.0,10.88,8.05,51.0,1
2026-09-03 13:00:00,28.6,31.8,60.0,947.8,17.6,269.0,0.1,30.0,7.18,8.1,51.0,1
2026-09-03 14:00:00,27.8,29.9,62.0,947.0,19.6,269.0,0.3,38.0,10.08,7.65,51.0,1
2026-09-03 15:00:00,27.2,29.1,66.0,946.3,17.5,274.0,0.1,33.0,8.66,6.1,51.0,1
2026-09-03 16:00:00,26.6,27.9,68.0,946.2,18.6,268.0,0.2,28.0,15.32,4.15,51.0,1
2026-09-03 17:00:00,25.6,27.3,73.0,946.6,16.0,269.0,0.0,86.0,15.5,2.15,3.0,1
2026-09-03 18:00:00,24.2,26.5,82.0,946.8,13.5,261.0,0.0,55.0,16.78,0.6,2.0,1
2026-09-03 19:00:00,23.6,26.0,84.0,947.4,12.7,263.0,0.0,92.0,19.86,0.0,3.0,0
2026-09-03 20:00:00,23.0,25.8,88.0,947.7,10.3,257.0,0.0,99.0,17.6,0.0,3.0,0
2026-09-03 21:00:00,22.9,25.8,89.0,948.1,10.0,256.0,0.0,99.0,17.6,0.0,3.0,0
2026-09-03 22:00:00,23.1,25.8,88.0,948.2,11.1,256.0,0.0,98.0,16.72,0.0,3.0,0
2026-09-03 23:00:00,22.8,25.3,88.0,948.0,11.6,263.0,0.0,88.0,19.92,0.0,3.0,0
2026-09-04 00:00:00,22.5,25.1,90.0,947.4,11.1,257.0,0.0,100.0,17.38,0.0,3.0,0
2026-09-04 01:00:00,22.4,25.1,90.0,947.1,10.3,258.0,0.0,100.0,17.46,0.0,3.0,0
2026-09-04 02:00:00,22.5,25.1,89.0,946.9,10.3,258.0,0.0,100.0,18.06,0.0,3.0,0
2026-09-04 03:00:00,22.5,25.1,89.0,946.4,10.1,264.0,0.0,100.0,18.54,0.0,3.0,0
2026-09-04 04:00:00,22.2,25.1,91.0,946.3,8.9,257.0,0.0,98.0,15.62,0.0,3.0,0
2026-09-04 05:00:00,22.5,25.1,90.0,946.2,10.5,257.0,0.0,98.0,17.02,0.0,3.0,0
2026-09-04 06:00:00,22.2,25.4,91.0,946.9,7.3,254.0,0.0,98.0,14.04,0.0,3.0,1
2026-09-04 07:00:00,23.1,26.1,87.0,947.6,9.2,249.0,0.0,98.0,15.94,0.4,3.0,1
2026-09-04 08:00:00,24.3,26.7,81.0,948.4,12.8,259.0,0.0,91.0,9.42,1.7,3.0,1
2026-09-04 09:00:00,25.4,27.5,75.0,949.0,13.5,260.0,0.2,73.0,8.0,3.6,51.0,1
2026-09-04 10:00:00,26.8,29.4,69.0,949.2,14.7,264.0,0.4,51.0,7.02,5.1,51.0,1
2026-09-04 11:00:00,27.7,31.0,65.0,949.3,15.3,268.0,0.4,69.0,7.26,6.7,51.0,1
2026-09-04 12:00:00,27.9,31.3,65.0,948.9,14.0,269.0,0.3,36.0,12.02,8.05,51.0,1
2026-09-04 13:00:00,28.4,31.8,62.0,948.7,17.4,263.0,0.1,58.0,5.66,7.9,51.0,1
2026-09-04 14:00:00,27.6,30.1,64.0,948.0,17.9,265.0,1.2,74.0,9.9,7.4,55.0,1
2026-09-04 15:00:00,27.8,30.6,68.0,947.6,14.9,272.0,0.1,83.0,14.16,5.7,51.0,1
2026-09-04 16:00:00,26.4,27.9,70.0,947.2,17.5,266.0,1.0,99.0,11.98,3.4,55.0,1
2026-09-04 17:00:00,25.6,27.5,75.0,947.5,15.5,268.0,0.0,34.0,21.58,1.9,1.0,1
2026-09-04 18:00:00,24.5,26.7,79.0,947.9,14.1,266.0,0.0,66.0,19.78,0.55,2.0,1
2026-09-04 19:00:00,23.7,26.2,84.0,948.5,12.6,266.0,0.0,87.0,19.1,0.0,3.0,0
2026-09-04 20:00:00,23.1,25.8,88.0,949.0,11.2,264.0,0.0,90.0,18.36,0.0,3.0,0
2026-09-04 21:00:00,23.0,25.9,89.0,949.5,9.6,262.0,0.0,70.0,17.42,0.0,2.0,0
2026-09-04 22:00:00,22.9,25.9,90.0,949.9,9.1,260.0,0.0,100.0,16.3,0.0,3.0,0
2026-09-04 23:00:00,23.0,25.8,88.0,949.5,9.8,257.0,0.0,40.0,15.66,0.0,1.0,0
2026-09-05 00:00:00,22.7,25.7,89.0,949.2,8.7,264.0,0.0,100.0,14.46,0.0,3.0,0
2026-09-05 01:00:00,22.8,25.8,89.0,948.9,8.6,262.0,0.0,100.0,14.54,0.0,3.0,0
2026-09-05 02:00:00,22.8,25.7,89.0,948.5,9.4,263.0,0.0,95.0,16.7,0.0,3.0,0
2026-09-05 03:00:00,22.6,25.4,89.0,948.3,9.0,265.0,0.0,55.0,17.14,0.0,2.0,0
2026-09-05 04:00:00,22.3,25.2,90.0,948.3,8.6,268.0,0.0,54.0,17.92,0.0,2.0,0
2026-09-05 05:00:00,22.7,25.7,90.0,948.4,9.2,264.0,0.0,100.0,16.78,0.0,3.0,0
2026-09-05 06:00:00,22.7,25.8,89.0,949.2,8.5,253.0,0.0,100.0,15.62,0.0,3.0,1
2026-09-05 07:00:00,23.3,26.0,85.0,950.1,10.6,255.0,0.0,73.0,13.12,0.45,2.0,1
2026-09-05 08:00:00,24.5,27.0,79.0,950.9,11.5,256.0,0.0,17.0,13.72,1.85,0.0,1
2026-09-05 09:00:00,25.8,27.9,72.0,951.3,12.4,273.0,0.1,34.0,6.9,3.8,51.0,1
2026-09-05 10:00:00,26.7,29.3,70.0,951.3,15.3,269.0,0.5,41.0,7.2,4.9,53.0,1
2026-09-05 11:00:00,27.3,30.3,67.0,951.2,17.5,268.0,0.2,25.0,7.84,7.1,51.0,1
2026-09-05 12:00:00,27.8,31.5,66.0,950.7,16.9,271.0,0.1,16.0,16.34,8.2,51.0,1
2026-09-05 13:00:00,28.2,31.5,63.0,950.1,17.8,269.0,0.1,30.0,7.92,8.25,51.0,1
2026-09-05 14:00:00,27.3,29.7,66.0,949.2,19.3,275.0,0.3,17.0,13.48,7.5,51.0,1
2026-09-05 15:00:00,27.6,29.6,65.0,948.9,17.3,270.0,0.0,23.0,7.96,5.85,1.0,1
2026-09-05 16:00:00,26.0,27.6,72.0,948.5,17.5,272.0,0.1,13.0,19.86,4.1,51.0,1
2026-09-05 17:00:00,25.4,27.3,76.0,948.6,16.8,273.0,0.0,35.0,16.8,2.05,1.0,1
2026-09-05 18:00:00,24.2,26.5,82.0,949.2,13.9,269.0,0.0,20.0,16.22,0.55,1.0,1
2026-09-05 19:00:00,23.6,26.1,85.0,949.8,12.1,269.0,0.0,30.0,18.6,0.0,1.0,0
2026-09-05 20:00:00,23.2,26.0,87.0,949.9,10.8,273.0,0.0,34.0,15.22,0.0,1.0,0
2026-09-05 21:00:00,22.8,25.8,90.0,950.2,9.4,266.0,0.0,18.0,17.28,0.0,0.0,0
2026-09-05 22:00:00,22.6,25.6,90.0,950.6,9.3,262.0,0.0,25.0,18.0,0.0,1.0,0
2026-09-05 23:00:00,22.7,25.6,88.0,950.5,9.2,266.0,0.0,48.0,17.92,0.0,1.0,0
2026-09-06 00:00:00,22.5,25.6,90.0,950.1,7.8,266.0,0.0,100.0,18.28,0.0,3.0,0
2026-09-06 01:00:00,22.6,25.7,89.0,949.8,7.2,271.0,0.0,100.0,16.18,0.0,3.0,0
2026-09-06 02:00:00,22.6,25.8,89.0,949.2,6.3,268.0,0.0,100.0,15.08,0.0,3.0,0
2026-09-06 03:00:00,22.4,25.8,90.0,948.9,5.0,255.0,0.0,48.0,13.98,0.0,1.0,0
2026-09-06 04:00:00,22.6,26.0,89.0,948.8,5.3,242.0,0.0,27.0,16.7,0.0,1.0,0
2026-09-06 05:00:00,22.8,26.2,90.0,948.9,7.2,267.0,0.0,94.0,16.88,0.0,3.0,0
2026-09-06 06:00:00,22.8,26.1,90.0,949.5,7.0,269.0,0.0,100.0,15.56,0.0,3.0,1
2026-09-06 07:00:00,23.5,26.5,85.0,950.4,8.3,268.0,0.0,100.0,14.64,0.45,3.0,1
2026-09-06 08:00:00,24.4,27.3,81.0,951.1,9.9,271.0,0.0,82.0,12.48,1.75,3.0,1
2026-09-06 09:00:00,25.5,28.2,76.0,951.4,10.9,276.0,0.2,38.0,5.86,3.75,51.0,1
2026-09-06 10:00:00,26.1,28.7,73.0,951.5,13.5,272.0,0.4,34.0,4.18,5.2,51.0,1
2026-09-06 11:00:00,25.1,28.4,76.0,950.7,13.2,255.0,0.7,32.0,6.68,7.25,53.0,1
2026-09-06 12:00:00,27.7,31.8,69.0,950.8,13.4,265.0,0.7,38.0,6.1,7.9,53.0,1
2026-09-06 13:00:00,28.3,32.0,66.0,950.4,15.1,269.0,0.2,32.0,11.98,7.6,51.0,1
2026-09-06 14:00:00,26.6,28.9,69.0,949.5,18.1,263.0,1.1,60.0,3.52,7.0,55.0,1
2026-09-06 15:00:00,27.1,29.2,68.0,949.0,17.3,272.0,0.8,37.0,7.78,5.55,53.0,1
2026-09-06 16:00:00,25.6,27.0,74.0,949.0,18.7,269.0,1.0,66.0,5.16,3.4,55.0,1
2026-09-06 17:00:00,25.6,27.7,75.0,949.3,15.0,277.0,0.2,34.0,10.76,1.8,51.0,1
2026-09-06 18:00:00,24.7,26.7,78.0,949.8,13.9,274.0,0.1,48.0,15.48,0.55,51.0,1
2026-09-06 19:00:00,23.7,26.4,85.0,950.2,11.6,262.0,0.0,30.0,19.72,0.0,1.0,0
2026-09-06 20:00:00,23.3,26.1,86.0,950.8,10.5,264.0,0.0,36.0,16.86,0.0,1.0,0
2026-09-06 21:00:00,23.1,26.0,87.0,951.6,9.6,266.0,0.0,48.0,16.46,0.0,1.0,0
2026-09-06 22:00:00,23.0,26.1,88.0,952.0,8.2,262.0,0.0,55.0,16.72,0.0,2.0,0
2026-09-06 23:00:00,23.1,26.1,87.0,951.5,8.7,263.0,0.0,30.0,17.26,0.0,1.0,0
2026-09-07 00:00:00,22.6,25.6,89.0,950.9,8.6,262.0,0.0,41.0,16.26,0.0,1.0,0
2026-09-07 01:00:00,22.5,25.4,90.0,950.5,8.7,265.0,0.0,100.0,16.52,0.0,3.0,0
2026-09-07 02:00:00,22.5,25.4,89.0,950.0,8.1,265.0,0.0,100.0,16.96,0.0,3.0,0
2026-09-07 03:00:00,22.3,25.2,90.0,949.6,8.0,262.0,0.0,18.0,17.98,0.0,0.0,0
2026-09-07 04:00:00,22.0,24.9,91.0,949.4,7.6,267.0,0.0,24.0,15.8,0.0,1.0,0
2026-09-07 05:00:00,23.0,25.9,88.0,949.5,9.6,265.0,0.0,100.0,14.28,0.0,3.0,0
2026-09-07 06:00:00,22.9,25.8,88.0,949.9,8.8,261.0,0.0,100.0,16.46,0.0,3.0,1
2026-09-07 07:00:00,23.2,26.0,86.0,950.5,9.4,266.0,0.0,100.0,11.3,0.45,3.0,1
2026-09-07 08:00:00,24.3,26.9,81.0,951.2,11.2,273.0,0.1,53.0,9.56,1.85,51.0,1
2026-09-07 09:00:00,25.4,28.0,75.0,951.6,11.0,271.0,0.2,31.0,7.54,3.8,51.0,1
2026-09-07 10:00:00,26.6,29.3,69.0,951.5,13.3,279.0,0.3,33.0,5.2,5.1,51.0,1
2026-09-07 11:00:00,27.3,30.4,66.0,951.5,14.4,279.0,0.5,32.0,6.34,7.0,53.0,1
2026-09-07 12:00:00,28.1,31.8,62.0,950.7,14.3,274.0,0.2,20.0,8.32,8.2,51.0,1
2026-09-07 13:00:00,28.5,32.0,61.0,950.0,15.5,278.0,0.2,25.0,8.76,8.2,51.0,1
2026-09-07 14:00:00,28.3,30.9,61.0,948.9,17.3,273.0,0.3,26.0,7.1,7.4,51.0,1
2026-09-07 15:00:00,27.5,29.6,65.0,948.5,17.6,284.0,0.2,13.0,13.32,5.9,51.0,1
2026-09-07 16:00:00,26.9,28.5,68.0,948.2,17.4,277.0,0.0,14.0,18.1,3.55,0.0,1
2026-09-07 17:00:00,26.2,28.3,72.0,948.7,14.4,274.0,0.0,18.0,17.04,1.8,0.0,1
2026-09-07 18:00:00,24.9,27.2,78.0,949.0,13.4,276.0,0.0,23.0,15.82,0.55,1.0,1
2026-09-07 19:00:00,24.0,26.6,83.0,949.8,11.3,279.0,0.0,22.0,19.6,0.0,1.0,0
2026-09-07 20:00:00,23.4,26.3,86.0,950.2,9.4,271.0,0.0,26.0,17.52,0.0,1.0,0
2026-09-07 21:00:00,23.0,26.2,89.0,950.9,7.7,270.0,0.0,62.0,15.86,0.0,2.0,0
2026-09-07 22:00:00,22.9,26.2,89.0,951.2,7.6,265.0,0.0,34.0,16.04,0.0,1.0,0
2026-09-07 23:00:00,23.1,26.1,88.0,950.8,8.8,270.0,0.0,59.0,18.74,0.0,2.0,0
2026-09-08 00:00:00,22.8,25.8,88.0,950.4,8.5,272.0,0.0,91.0,16.1,0.0,3.0,0
2026-09-08 01:00:00,22.5,25.6,90.0,950.1,7.6,266.0,0.0,27.0,17.24,0.0,1.0,0
2026-09-08 02:00:00,22.3,25.3,90.0,949.6,7.3,259.0,0.0,31.0,16.44,0.0,1.0,0
2026-09-08 03:00:00,22.1,25.0,90.0,949.3,7.9,258.0,0.0,19.0,10.2,0.0,0.0,0
2026-09-08 04:00:00,22.0,24.9,91.0,948.9,7.7,261.0,0.0,22.0,13.14,0.0,1.0,0
2026-09-08 05:00:00,22.3,25.4,92.0,948.9,8.1,258.0,0.0,22.0,13.32,0.0,1.0,0
2026-09-08 06:00:00,22.2,25.3,92.0,949.6,8.0,264.0,0.0,78.0,14.24,0.0,2.0,1
2026-09-08 07:00:00,22.8,25.8,88.0,950.7,8.5,264.0,0.0,30.0,10.08,0.45,1.0,1
2026-09-08 08:00:00,24.0,26.6,82.0,951.4,10.7,276.0,0.1,30.0,6.46,1.85,51.0,1
2026-09-08 09:00:00,25.2,27.5,75.0,951.9,11.3,279.0,0.2,26.0,12.42,3.75,51.0,1
2026-09-08 10:00:00,26.6,29.2,68.0,951.7,12.7,282.0,0.1,31.0,9.14,5.7,51.0,1
2026-09-08 11:00:00,27.4,30.2,63.0,951.6,15.0,277.0,0.2,16.0,8.02,6.5,51.0,1
2026-09-08 12:00:00,28.0,31.1,60.0,950.8,15.1,278.0,0.2,30.0,7.68,7.6,51.0,1
2026-09-08 13:00:00,27.9,30.5,61.0,950.0,17.5,279.0,0.2,21.0,5.96,7.4,51.0,1
2026-09-08 14:00:00,27.6,29.4,60.0,949.2,18.4,276.0,0.5,43.0,4.72,7.4,53.0,1
2026-09-08 15:00:00,26.8,28.1,67.0,948.8,19.7,283.0,0.4,32.0,12.34,5.9,51.0,1
2026-09-08 16:00:00,26.1,27.6,70.0,948.5,16.7,277.0,0.0,23.0,18.8,3.65,1.0,1
2026-09-08 17:00:00,25.5,27.3,74.0,948.7,15.3,283.0,0.0,13.0,14.0,1.85,0.0,1
2026-09-08 18:00:00,24.4,26.4,78.0,948.7,13.4,278.0,0.0,14.0,19.28,0.5,0.0,1
2026-09-08 19:00:00,23.6,26.0,83.0,949.2,11.6,278.0,0.0,16.0,19.2,0.0,0.0,0
2026-09-08 20:00:00,23.1,25.8,87.0,949.9,10.1,273.0,0.0,20.0,17.3,0.0,1.0,0
2026-09-08 21:00:00,22.7,25.4,89.0,950.4,9.9,272.0,0.0,10.0,17.6,0.0,0.0,0
2026-09-08 22:00:00,22.3,25.3,91.0,950.9,8.5,265.0,0.0,11.0,15.26,0.0,0.0,0
2026-09-08 23:00:00,22.4,25.2,90.0,950.4,9.4,269.0,0.0,66.0,17.5,0.0,2.0,0
2026-09-09 00:00:00,22.4,25.3,90.0,950.1,8.5,271.0,0.0,100.0,14.38,0.0,3.0,0
2026-09-09 01:00:00,22.3,25.4,90.0,949.9,7.2,273.0,0.0,100.0,12.56,0.0,3.0,0
2026-09-09 02:00:00,22.3,25.2,89.0,949.5,7.4,273.0,0.0,100.0,15.5,0.0,3.0,0
2026-09-09 03:00:00,22.0,25.0,91.0,948.7,7.4,267.0,0.0,47.0,13.84,0.0,1.0,0
2026-09-09 04:00:00,21.8,24.7,92.0,948.6,8.0,262.0,0.0,35.0,14.14,0.0,1.0,0
2026-09-09 05:00:00,21.9,24.7,91.0,948.6,8.8,268.0,0.0,11.0,15.18,0.0,0.0,0
2026-09-09 06:00:00,21.4,24.3,93.0,949.0,7.6,270.0,0.0,19.0,15.3,0.0,0.0,1
2026-09-09 07:00:00,22.1,25.0,90.0,949.7,7.7,271.0,0.0,25.0,18.24,0.45,1.0,1
2026-09-09 08:00:00,23.7,26.2,80.0,950.6,9.4,287.0,0.0,52.0,13.08,1.85,2.0,1
2026-09-09 09:00:00,25.2,27.4,72.0,951.0,10.0,290.0,0.1,54.0,11.56,3.85,51.0,1
2026-09-09 10:00:00,26.8,28.9,64.0,951.1,10.8,291.0,0.0,42.0,19.38,5.8,1.0,1
2026-09-09 11:00:00,27.7,30.7,60.0,951.2,10.2,288.0,0.0,21.0,11.48,7.4,1.0,1
2026-09-09 12:00:00,28.5,32.2,57.0,950.4,10.8,288.0,0.1,21.0,9.52,8.25,51.0,1
2026-09-09 13:00:00,29.0,32.4,54.0,949.5,12.4,292.0,0.3,41.0,6.14,8.1,51.0,1
2026-09-09 14:00:00,29.0,32.0,57.0,948.6,13.5,286.0,0.4,39.0,5.56,7.35,51.0,1
2026-09-09 15:00:00,27.9,29.3,60.0,948.2,15.5,285.0,0.8,55.0,6.82,5.95,53.0,1
2026-09-09 16:00:00,27.3,29.2,67.0,947.9,15.3,290.0,0.2,65.0,20.4,3.95,51.0,1
2026-09-09 17:00:00,26.1,28.4,73.0,948.5,13.4,282.0,0.0,16.0,16.52,2.0,0.0,1
2026-09-09 18:00:00,24.9,27.2,78.0,948.5,12.9,278.0,0.0,24.0,21.66,0.5,1.0,1
2026-09-09 19:00:00,24.1,26.7,82.0,949.1,11.0,280.0,0.0,35.0,20.38,0.0,1.0,0
2026-09-09 20:00:00,23.5,26.3,85.0,949.8,9.4,274.0,0.0,97.0,20.22,0.0,3.0,0
2026-09-09 21:00:00,22.9,26.0,89.0,950.3,8.3,271.0,0.0,98.0,18.16,0.0,3.0,0
2026-09-09 22:00:00,22.5,25.6,91.0,950.4,8.5,264.0,0.0,100.0,13.76,0.0,3.0,0
2026-09-09 23:00:00,22.6,25.5,90.0,949.9,9.6,266.0,0.0,100.0,17.82,0.0,3.0,0
2026-09-10 00:00:00,22.4,25.3,91.0,949.3,9.1,260.0,0.0,99.0,9.96,0.0,3.0,0
2026-09-10 01:00:00,21.9,24.8,93.0,948.7,9.1,256.0,0.0,100.0,8.28,0.0,3.0,0
2026-09-10 02:00:00,21.7,24.7,93.0,948.4,8.3,257.0,0.0,99.0,8.88,0.0,3.0,0
2026-09-10 03:00:00,21.7,24.6,93.0,948.3,8.7,262.0,0.0,92.0,10.48,0.0,3.0,0
2026-09-10 04:00:00,21.7,24.6,93.0,948.4,8.3,264.0,0.0,99.0,11.8,0.0,3.0,0
2026-09-10 05:00:00,21.9,25.1,94.0,948.7,7.6,255.0,0.0,95.0,15.38,0.0,3.0,0
2026-09-10 06:00:00,21.6,24.8,96.0,949.0,7.0,258.0,0.0,98.0,14.7,0.0,3.0,1
2026-09-10 07:00:00,22.6,25.7,89.0,949.9,8.1,273.0,0.0,84.0,11.54,0.45,3.0,1
2026-09-10 08:00:00,24.0,26.7,81.0,950.7,9.3,297.0,0.2,99.0,7.1,1.85,51.0,1
2026-09-10 09:00:00,25.5,28.0,72.0,951.1,9.8,298.0,0.1,99.0,8.56,3.5,51.0,1
2026-09-10 10:00:00,26.9,29.7,66.0,951.1,9.4,299.0,0.1,91.0,10.86,4.9,51.0,1
2026-09-10 11:00:00,27.9,32.4,64.0,950.7,8.1,295.0,0.0,95.0,15.24,6.55,3.0,1
2026-09-10 12:00:00,28.9,33.5,61.0,950.4,11.1,306.0,0.1,99.0,14.44,7.5,51.0,1
2026-09-10 13:00:00,29.3,33.0,56.0,949.4,10.9,287.0,0.0,100.0,14.8,8.05,3.0,1
2026-09-10 14:00:00,29.1,31.1,50.0,948.5,12.9,293.0,0.4,100.0,5.34,7.3,51.0,1
2026-09-10 15:00:00,27.7,28.6,57.0,947.8,14.8,292.0,0.3,100.0,7.82,5.9,51.0,1
2026-09-10 16:00:00,27.0,28.7,65.0,947.7,13.9,287.0,0.1,97.0,22.96,3.9,51.0,1
2026-09-10 17:00:00,26.3,28.2,69.0,948.0,12.9,290.0,0.0,95.0,24.6,1.8,3.0,1
2026-09-10 18:00:00,25.3,27.7,73.0,948.3,10.9,282.0,0.0,99.0,22.66,0.45,3.0,1
2026-09-10 19:00:00,24.4,26.8,78.0,948.9,11.3,283.0,0.0,35.0,23.7,0.0,1.0,0
2026-09-10 20:00:00,23.7,26.2,82.0,949.5,10.2,278.0,0.0,72.0,20.74,0.0,2.0,0
2026-09-10 21:00:00,23.2,26.0,85.0,950.0,8.7,274.0,0.0,94.0,18.44,0.0,3.0,0
2026-09-10 22:00:00,22.9,25.6,86.0,950.1,9.6,275.0,0.0,98.0,18.26,0.0,3.0,0
2026-09-10 23:00:00,23.0,25.8,87.0,949.6,9.2,277.0,0.0,98.0,18.22,0.0,3.0,0
2026-09-11 00:00:00,22.4,25.5,91.0,948.9,8.4,277.0,0.0,91.0,18.32,0.0,3.0,0
2026-09-11 01:00:00,22.0,25.0,93.0,948.5,8.5,270.0,0.0,88.0,15.46,0.0,3.0,0
2026-09-11 02:00:00,21.8,24.6,93.0,948.0,8.6,259.0,0.0,79.0,15.46,0.0,2.0,0
2026-09-11 03:00:00,21.7,24.4,92.0,947.7,9.0,260.0,0.0,52.0,15.5,0.0,2.0,0
2026-09-11 04:00:00,21.5,24.2,93.0,947.7,9.0,268.0,0.0,88.0,15.4,0.0,3.0,0
2026-09-11 05:00:00,22.5,25.4,90.0,948.3,9.2,272.0,0.0,100.0,14.76,0.0,3.0,0
2026-09-11 06:00:00,22.4,25.4,91.0,948.4,8.1,274.0,0.0,100.0,14.74,0.0,3.0,1
2026-09-11 07:00:00,23.0,25.8,86.0,949.0,9.1,287.0,0.0,73.0,15.8,0.4,2.0,1
2026-09-11 08:00:00,24.3,26.9,78.0,949.6,9.0,299.0,0.0,52.0,16.82,1.7,2.0,1
2026-09-11 09:00:00,26.2,28.5,67.0,950.0,9.4,302.0,0.0,48.0,19.96,3.35,1.0,1
2026-09-11 10:00:00,27.4,30.5,62.0,949.8,9.0,305.0,0.1,60.0,9.38,5.75,51.0,1
2026-09-11 11:00:00,28.8,32.9,58.0,950.1,8.7,308.0,0.1,17.0,17.98,7.35,51.0,1
2026-09-11 12:00:00,29.3,33.8,56.0,949.5,8.9,295.0,0.0,64.0,17.8,8.25,2.0,1
2026-09-11 13:00:00,29.9,33.8,54.0,948.4,9.4,283.0,0.0,36.0,21.08,8.2,1.0,1
2026-09-11 14:00:00,29.6,32.7,54.0,947.3,11.4,289.0,0.1,47.0,7.92,7.45,51.0,1
2026-09-11 15:00:00,28.4,29.9,56.0,946.3,13.6,285.0,0.4,98.0,3.2,5.9,51.0,1
2026-09-11 16:00:00,28.3,29.9,58.0,946.2,12.7,288.0,0.7,41.0,12.48,3.9,53.0,1
2026-09-11 17:00:00,26.8,28.7,66.0,946.1,13.0,276.0,0.1,12.0,23.24,1.9,51.0,1
2026-09-11 18:00:00,25.6,27.6,69.0,946.1,11.4,286.0,0.0,11.0,26.36,0.5,0.0,1
2026-09-11 19:00:00,24.7,27.0,77.0,946.9,11.7,288.0,0.0,19.0,23.76,0.0,0.0,0
2026-09-11 20:00:00,24.0,26.6,82.0,947.4,10.5,282.0,0.0,48.0,20.7,0.0,1.0,0
2026-09-11 21:00:00,23.4,26.4,86.0,947.8,9.3,280.0,0.0,68.0,18.4,0.0,2.0,0
2026-09-11 22:00:00,23.0,26.2,89.0,948.1,8.2,280.0,0.0,65.0,18.26,0.0,2.0,0
2026-09-11 23:00:00,22.9,25.9,89.0,947.6,8.8,270.0,0.0,99.0,17.68,0.0,3.0,0
2026-09-12 00:00:00,22.6,25.4,90.0,947.0,9.3,255.0,0.0,100.0,18.02,0.0,3.0,0
2026-09-12 01:00:00,22.3,24.9,89.0,946.6,9.3,260.0,0.0,98.0,18.22,0.0,3.0,0
2026-09-12 02:00:00,22.0,24.7,89.0,946.3,8.5,265.0,0.0,97.0,18.3,0.0,3.0,0
2026-09-12 03:00:00,21.7,24.4,91.0,946.0,8.2,261.0,0.0,84.0,15.6,0.0,3.0,0
2026-09-12 04:00:00,21.3,24.1,93.0,946.1,7.4,252.0,0.0,42.0,15.58,0.0,1.0,0
2026-09-12 05:00:00,21.9,24.9,93.0,946.2,8.4,251.0,0.0,89.0,15.56,0.0,3.0,0
2026-09-12 06:00:00,21.7,24.7,93.0,946.7,7.6,258.0,0.0,52.0,15.52,0.0,2.0,1
2026-09-12 07:00:00,22.8,25.6,86.0,947.4,8.7,265.0,0.0,8.0,18.34,0.25,0.0,1
2026-09-12 08:00:00,24.5,26.8,77.0,948.2,11.1,277.0,0.0,50.0,23.5,1.5,2.0,1
2026-09-12 09:00:00,26.4,28.2,65.0,948.6,11.7,281.0,0.0,64.0,21.34,3.7,2.0,1
2026-09-12 10:00:00,28.0,29.8,58.0,948.7,11.5,280.0,0.0,30.0,28.2,5.75,1.0,1
2026-09-12 11:00:00,29.3,32.1,52.0,948.3,12.4,283.0,0.1,51.0,7.68,7.2,51.0,1
2026-09-12 12:00:00,29.4,32.2,52.0,947.7,12.4,283.0,0.3,80.0,6.72,8.2,51.0,1
2026-09-12 13:00:00,29.9,32.0,49.0,947.0,13.4,278.0,0.1,100.0,23.08,8.1,51.0,1
2026-09-12 14:00:00,27.7,28.8,59.0,946.0,15.5,278.0,0.0,100.0,26.16,7.35,3.0,1
2026-09-12 15:00:00,27.4,28.6,62.0,945.5,16.4,279.0,0.0,100.0,26.2,5.0,3.0,1
2026-09-12 16:00:00,26.0,27.8,71.0,945.3,15.3,279.0,0.0,100.0,23.7,3.75,3.0,1
2026-09-12 17:00:00,26.1,27.8,71.0,945.6,16.3,281.0,0.0,90.0,14.4,1.75,3.0,1
2026-09-12 18:00:00,24.8,26.8,78.0,946.1,15.1,282.0,0.0,92.0,12.74,0.45,3.0,1
2026-09-12 19:00:00,24.0,26.2,82.0,946.9,13.4,278.0,0.0,100.0,17.96,0.0,3.0,0
2026-09-12 20:00:00,23.6,26.1,84.0,947.6,11.6,274.0,0.0,100.0,18.8,0.0,3.0,0
2026-09-12 21:00:00,23.4,26.2,85.0,948.1,10.1,265.0,0.0,100.0,19.8,0.0,3.0,0
2026-09-12 22:00:00,23.4,26.3,85.0,948.3,9.5,268.0,0.0,100.0,17.46,0.0,3.0,0
2026-09-12 23:00:00,23.4,26.0,84.0,948.0,10.7,262.0,0.0,100.0,20.38,0.0,3.0,0
2026-09-13 00:00:00,23.3,25.7,83.0,947.5,10.5,258.0,0.0,100.0,19.36,0.0,3.0,0
2026-09-13 01:00:00,23.2,25.6,84.0,947.2,10.3,257.0,0.0,100.0,19.78,0.0,3.0,0
2026-09-13 02:00:00,23.1,25.7,85.0,946.8,9.4,252.0,0.0,98.0,18.72,0.0,3.0,0
2026-09-13 03:00:00,22.9,25.5,86.0,946.5,10.2,247.0,0.0,95.0,17.34,0.0,3.0,0
2026-09-13 04:00:00,22.7,25.2,87.0,946.0,11.0,245.0,0.0,95.0,17.5,0.0,3.0,0
2026-09-13 05:00:00,22.5,25.2,91.0,946.7,11.0,255.0,0.0,100.0,8.62,0.0,3.0,0
2026-09-13 06:00:00,22.3,24.8,91.0,947.1,12.0,257.0,0.3,100.0,5.14,0.0,51.0,1
2026-09-13 07:00:00,22.4,25.1,94.0,947.8,12.4,260.0,2.3,100.0,2.54,0.35,80.0,1
2026-09-13 08:00:00,22.7,25.6,94.0,948.4,11.9,256.0,1.8,100.0,2.54,1.45,80.0,1
2026-09-13 09:00:00,22.8,25.6,94.0,948.9,12.8,254.0,2.0,100.0,2.52,1.05,80.0,1
2026-09-13 10:00:00,23.1,25.8,93.0,949.1,13.8,252.0,1.4,100.0,4.72,1.95,80.0,1
2026-09-13 11:00:00,25.1,27.2,79.0,949.1,16.3,250.0,0.5,100.0,10.66,3.05,53.0,1
2026-09-13 12:00:00,24.6,26.9,80.0,948.6,14.0,254.0,0.1,100.0,8.04,7.0,51.0,1
2026-09-13 13:00:00,25.0,27.2,78.0,948.1,14.5,255.0,0.2,100.0,9.86,7.35,51.0,1
2026-09-13 14:00:00,25.4,27.4,75.0,947.3,14.7,262.0,0.0,100.0,13.84,6.75,3.0,1
2026-09-13 15:00:00,26.2,27.6,70.0,946.7,16.9,258.0,0.0,98.0,25.8,5.5,3.0,1
2026-09-13 16:00:00,25.4,27.1,74.0,946.5,16.1,252.0,0.0,100.0,23.32,3.65,3.0,1
2026-09-13 17:00:00,24.5,26.7,78.0,947.1,12.9,258.0,0.0,100.0,11.4,1.8,3.0,1
2026-09-13 18:00:00,23.8,26.1,83.0,947.6,12.8,259.0,0.0,100.0,12.28,0.4,3.0,1
2026-09-13 19:00:00,23.4,26.0,86.0,948.3,11.4,252.0,0.0,98.0,13.12,0.0,3.0,0
2026-09-13 20:00:00,23.2,25.9,87.0,948.9,10.3,254.0,0.1,99.0,16.88,0.0,51.0,0
2026-09-13 21:00:00,23.1,26.0,88.0,950.0,9.1,248.0,0.0,100.0,13.86,0.0,3.0,0
2026-09-13 22:00:00,23.0,25.9,88.0,950.1,9.3,243.0,0.0,100.0,15.94,0.0,3.0,0
2026-09-13 23:00:00,23.1,25.8,87.0,949.8,10.6,235.0,0.0,100.0,17.34,0.0,3.0,0
2026-09-14 00:00:00,22.8,25.2,87.0,949.3,11.1,239.0,0.0,97.0,16.0,0.0,3.0,0
2026-09-14 01:00:00,22.5,25.1,89.0,948.8,10.4,240.0,0.0,96.0,16.54,0.0,3.0,0
2026-09-14 02:00:00,22.5,25.0,89.0,948.5,10.8,240.0,0.0,100.0,11.72,0.0,3.0,0
2026-09-14 03:00:00,22.5,25.0,89.0,948.2,10.9,243.0,0.0,100.0,5.62,0.0,3.0,0
2026-09-14 04:00:00,22.3,25.0,90.0,948.2,9.6,240.0,0.0,100.0,9.32,0.0,3.0,0
2026-09-14 05:00:00,22.8,25.5,89.0,948.1,11.2,251.0,0.0,88.0,14.1,0.0,3.0,0
2026-09-14 06:00:00,22.5,25.3,90.0,948.6,10.1,248.0,0.0,86.0,15.44,0.0,3.0,1
2026-09-14 07:00:00,22.9,25.4,87.0,949.3,11.8,245.0,0.0,87.0,8.82,0.4,3.0,1
2026-09-14 08:00:00,24.4,26.7,80.0,950.2,13.3,245.0,0.1,98.0,7.74,1.7,51.0,1
2026-09-14 09:00:00,25.5,27.4,74.0,950.7,15.0,249.0,0.3,91.0,8.08,3.4,51.0,1
2026-09-14 10:00:00,26.6,28.9,69.0,950.7,14.7,250.0,0.1,67.0,10.86,4.95,51.0,1
2026-09-14 11:00:00,27.8,30.5,64.0,950.7,16.5,243.0,0.1,41.0,11.0,6.6,51.0,1
2026-09-14 12:00:00,28.1,31.3,61.0,950.2,15.7,245.0,0.1,52.0,8.8,7.7,51.0,1
2026-09-14 13:00:00,28.1,30.9,62.0,949.4,18.5,245.0,0.4,40.0,5.98,8.1,51.0,1
2026-09-14 14:00:00,27.4,29.9,67.0,948.4,18.5,249.0,0.1,11.0,16.98,6.8,51.0,1
2026-09-14 15:00:00,27.5,29.8,67.0,947.9,17.9,248.0,0.0,61.0,18.26,5.2,2.0,1
2026-09-14 16:00:00,26.8,28.1,67.0,947.6,17.5,249.0,0.0,37.0,14.42,3.85,1.0,1
2026-09-14 17:00:00,25.9,27.5,70.0,947.8,14.9,251.0,0.0,20.0,21.1,1.85,1.0,1
2026-09-14 18:00:00,24.4,26.2,78.0,948.4,15.2,256.0,0.0,20.0,17.86,0.4,1.0,1
2026-09-14 19:00:00,23.3,25.3,84.0,949.0,13.5,254.0,0.0,38.0,17.16,0.0,1.0,0
2026-09-14 20:00:00,22.8,25.2,86.0,949.8,11.5,256.0,0.0,53.0,15.16,0.0,2.0,0
2026-09-14 21:00:00,22.6,25.1,87.0,950.6,10.3,251.0,0.0,82.0,15.42,0.0,3.0,0
2026-09-14 22:00:00,22.5,25.2,88.0,951.2,9.2,247.0,0.0,86.0,14.12,0.0,3.0,0
2026-09-14 23:00:00,22.6,25.4,87.0,950.7,8.0,250.0,0.0,99.0,13.24,0.0,3.0,0
2026-09-15 00:00:00,22.6,25.5,87.0,950.5,7.9,249.0,0.0,99.0,13.96,0.0,3.0,0
2026-09-15 01:00:00,22.5,25.4,88.0,950.0,7.9,237.0,0.0,88.0,14.78,0.0,3.0,0
2026-09-15 02:00:00,22.1,25.0,90.0,949.4,7.5,235.0,0.0,84.0,14.04,0.0,3.0,0
2026-09-15 03:00:00,21.9,24.8,90.0,949.3,6.6,229.0,0.0,79.0,16.76,0.0,2.0,0
2026-09-15 04:00:00,21.6,24.4,90.0,949.1,7.3,220.0,0.0,39.0,17.48,0.0,1.0,0
2026-09-15 05:00:00,21.7,24.6,91.0,949.3,7.4,223.0,0.0,9.0,4.8,0.0,0.0,0
2026-09-15 06:00:00,21.3,23.9,92.0,949.7,8.2,220.0,0.0,14.0,14.82,0.0,0.0,1
2026-09-15 07:00:00,22.1,24.6,87.0,950.6,9.1,219.0,0.0,34.0,7.26,0.4,1.0,1
2026-09-15 08:00:00,23.9,26.0,77.0,951.4,10.3,230.0,0.0,34.0,14.4,1.8,1.0,1
2026-09-15 09:00:00,25.6,27.6,68.0,951.5,10.1,235.0,0.0,9.0,24.88,3.75,0.0,1
2026-09-15 10:00:00,27.1,30.1,62.0,951.4,9.7,235.0,0.0,9.0,24.9,5.75,0.0,1
2026-09-15 11:00:00,28.7,31.9,55.0,951.2,11.6,238.0,0.0,11.0,27.1,7.35,0.0,1
2026-09-15 12:00:00,29.2,32.8,54.0,950.8,11.4,233.0,0.0,12.0,16.64,8.15,0.0,1
2026-09-15 13:00:00,29.5,32.6,51.0,950.0,13.2,235.0,0.0,32.0,11.64,8.1,1.0,1
2026-09-15 14:00:00,29.3,31.7,52.0,949.2,12.5,240.0,0.1,23.0,9.28,6.95,51.0,1
2026-09-15 15:00:00,28.3,29.8,56.0,948.5,15.6,243.0,0.3,45.0,5.22,4.2,51.0,1
2026-09-15 16:00:00,27.2,28.7,63.0,948.5,14.6,238.0,0.5,41.0,6.36,2.95,53.0,1
2026-09-15 17:00:00,26.6,28.6,68.0,948.6,13.2,233.0,0.2,13.0,23.9,1.75,51.0,1
2026-09-15 18:00:00,25.1,27.2,75.0,949.0,13.0,242.0,0.0,15.0,20.96,0.4,0.0,1
2026-09-15 19:00:00,24.2,26.6,79.0,949.9,11.1,241.0,0.0,13.0,19.66,0.0,0.0,0
2026-09-15 20:00:00,23.7,26.6,82.0,950.3,8.2,238.0,0.0,11.0,18.04,0.0,0.0,0
2026-09-15 21:00:00,23.4,26.4,84.0,951.2,7.8,236.0,0.0,23.0,18.42,0.0,1.0,0
2026-09-15 22:00:00,23.3,26.2,85.0,951.2,8.3,224.0,0.0,31.0,16.12,0.0,1.0,0
2026-09-15 23:00:00,23.4,26.3,84.0,950.7,8.1,227.0,0.0,36.0,17.22,0.0,1.0,0
2026-09-16 00:00:00,23.2,26.1,85.0,950.5,8.3,228.0,0.0,67.0,16.74,0.0,2.0,0
2026-09-16 01:00:00,23.2,26.1,85.0,950.1,7.7,234.0,0.0,55.0,12.42,0.0,2.0,0
2026-09-16 02:00:00,23.0,26.0,85.0,949.7,7.0,238.0,0.0,67.0,12.32,0.0,2.0,0
2026-09-16 03:00:00,22.7,25.7,86.0,949.5,7.1,234.0,0.0,92.0,16.72,0.0,3.0,0
2026-09-16 04:00:00,22.7,25.4,86.0,949.4,7.8,220.0,0.0,29.0,14.16,0.0,1.0,0
2026-09-16 05:00:00,22.7,25.4,86.0,949.8,8.0,224.0,0.0,16.0,17.2,0.0,0.0,0
2026-09-16 06:00:00,22.4,25.2,88.0,950.2,7.8,226.0,0.0,13.0,17.12,0.0,0.0,1
2026-09-16 07:00:00,23.4,26.4,82.0,950.9,6.2,224.0,0.0,10.0,19.06,0.4,0.0,1
2026-09-16 08:00:00,25.1,28.0,74.0,951.4,6.7,211.0,0.0,25.0,22.2,1.85,1.0,1
2026-09-16 09:00:00,27.6,29.8,60.0,951.9,8.5,224.0,0.0,52.0,24.54,3.8,2.0,1
2026-09-16 10:00:00,28.0,30.3,60.0,951.8,8.7,233.0,0.0,96.0,13.28,5.8,3.0,1
2026-09-16 11:00:00,29.8,32.2,53.0,951.5,8.3,231.0,0.2,26.0,6.08,7.3,51.0,1
2026-09-16 12:00:00,30.0,33.8,53.0,950.7,9.2,247.0,0.5,50.0,2.92,8.05,53.0,1
2026-09-16 13:00:00,27.5,31.2,68.0,950.0,12.2,237.0,2.2,82.0,2.94,7.1,80.0,1
2026-09-16 14:00:00,28.8,32.4,66.0,948.9,10.2,256.0,0.4,29.0,11.32,4.65,51.0,1
2026-09-16 15:00:00,27.9,30.8,66.0,948.4,12.6,261.0,0.8,74.0,3.96,5.75,53.0,1
2026-09-16 16:00:00,26.1,28.6,75.0,948.2,13.9,253.0,0.9,80.0,4.7,3.6,53.0,1
2026-09-16 17:00:00,26.4,29.4,76.0,948.3,12.2,250.0,0.3,73.0,4.42,1.8,51.0,1
2026-09-16 18:00:00,25.4,28.4,80.0,948.7,11.6,257.0,0.2,39.0,15.38,0.4,51.0,1
2026-09-16 19:00:00,24.7,27.8,83.0,949.1,11.0,264.0,0.0,23.0,17.48,0.0,1.0,0
2026-09-16 20:00:00,24.1,27.5,86.0,949.6,8.9,262.0,0.0,32.0,15.58,0.0,1.0,0
2026-09-16 21:00:00,23.7,27.2,87.0,950.0,7.4,248.0,0.0,27.0,13.46,0.0,1.0,0
2026-09-16 22:00:00,23.5,27.2,88.0,950.1,6.5,247.0,0.0,36.0,10.66,0.0,1.0,0
2026-09-16 23:00:00,23.5,27.2,89.0,949.6,6.1,236.0,0.0,13.0,15.76,0.0,0.0,0
2026-09-17 00:00:00,23.1,26.7,90.0,949.0,6.3,252.0,0.0,17.0,13.88,0.0,0.0,0
2026-09-17 01:00:00,22.8,26.3,91.0,948.6,6.4,248.0,0.0,8.0,14.1,0.0,0.0,0
2026-09-17 02:00:00,22.5,25.9,91.0,948.2,6.7,246.0,0.0,12.0,11.4,0.0,0.0,0
2026-09-17 03:00:00,22.5,25.7,90.0,948.2,7.1,246.0,0.0,20.0,13.88,0.0,1.0,0
2026-09-17 04:00:00,22.3,25.8,91.0,948.1,5.1,238.0,0.0,6.0,10.8,0.0,0.0,0
2026-09-17 05:00:00,22.6,26.3,94.0,948.3,6.0,233.0,0.0,26.0,13.06,0.0,1.0,0
2026-09-17 06:00:00,22.5,26.4,94.0,948.9,5.6,228.0,0.0,25.0,12.76,0.0,1.0,1
2026-09-17 07:00:00,23.7,27.6,87.0,949.7,4.5,230.0,0.0,20.0,14.04,0.3,1.0,1
2026-09-17 08:00:00,25.3,29.0,78.0,950.5,5.4,256.0,0.0,34.0,17.1,1.7,1.0,1
2026-09-17 09:00:00,26.5,29.8,71.0,950.8,7.0,267.0,0.1,57.0,4.6,3.75,51.0,1
2026-09-17 10:00:00,27.6,31.1,67.0,950.8,8.5,253.0,0.7,55.0,4.5,5.75,53.0,1
2026-09-17 11:00:00,29.3,33.5,60.0,950.7,8.5,252.0,1.2,100.0,8.18,7.3,55.0,1
2026-09-17 12:00:00,27.9,30.2,65.0,950.3,12.1,267.0,0.5,80.0,4.86,7.85,53.0,1
2026-09-17 13:00:00,28.5,31.9,63.0,949.3,11.0,271.0,0.8,68.0,4.8,7.75,53.0,1
2026-09-17 14:00:00,27.2,31.2,73.0,948.2,13.2,264.0,1.1,70.0,2.72,5.25,95.0,1
2026-09-17 15:00:00,25.7,28.7,80.0,947.9,13.6,277.0,3.9,82.0,3.8,5.65,95.0,1
2026-09-17 16:00:00,25.5,29.0,82.0,948.1,10.8,270.0,0.6,88.0,5.02,3.55,53.0,1
2026-09-17 17:00:00,26.3,29.4,76.0,947.9,12.0,253.0,0.4,63.0,15.84,1.8,51.0,1
2026-09-17 18:00:00,25.2,27.9,80.0,948.5,12.6,256.0,0.0,45.0,18.52,0.4,1.0,1
2026-09-17 19:00:00,24.5,27.5,83.0,949.2,10.9,262.0,0.0,39.0,17.46,0.0,1.0,0
2026-09-17 20:00:00,24.0,27.1,86.0,949.6,10.4,261.0,0.0,34.0,15.66,0.0,1.0,0
2026-09-17 21:00:00,23.6,26.8,88.0,950.3,9.7,258.0,0.0,37.0,15.38,0.0,1.0,0
2026-09-17 22:00:00,23.4,26.5,88.0,950.3,9.4,259.0,0.0,34.0,15.66,0.0,1.0,0
2026-09-17 23:00:00,23.3,26.4,88.0,950.2,9.2,259.0,0.0,17.0,15.56,0.0,0.0,0
2026-09-18 00:00:00,22.8,25.9,90.0,949.6,8.4,254.0,0.0,20.0,15.84,0.0,1.0,0
2026-09-18 01:00:00,22.5,25.5,92.0,949.0,8.8,247.0,0.0,9.0,13.6,0.0,0.0,0
2026-09-18 02:00:00,22.3,25.3,92.0,948.6,8.8,247.0,0.0,11.0,13.72,0.0,0.0,0
2026-09-18 03:00:00,22.3,25.5,92.0,948.5,7.1,243.0,0.0,40.0,7.26,0.0,1.0,0
2026-09-18 04:00:00,22.4,26.2,92.0,948.7,4.1,236.0,0.0,42.0,5.68,0.0,1.0,0
2026-09-18 05:00:00,22.7,25.6,91.0,948.6,10.0,252.0,0.0,30.0,9.34,0.0,1.0,0
2026-09-18 06:00:00,22.6,25.6,90.0,949.0,9.2,250.0,0.0,14.0,15.36,0.0,0.0,1
2026-09-18 07:00:00,23.6,26.6,85.0,949.7,8.9,249.0,0.0,24.0,15.44,0.4,1.0,1
2026-09-18 08:00:00,25.2,27.8,76.0,950.7,10.9,254.0,0.0,100.0,14.44,1.8,3.0,1
2026-09-18 09:00:00,26.4,28.8,70.0,951.4,11.2,265.0,0.1,49.0,16.66,3.8,51.0,1
2026-09-18 10:00:00,27.7,30.0,65.0,951.3,12.0,263.0,0.1,21.0,9.4,5.65,51.0,1
2026-09-18 11:00:00,29.8,32.6,55.0,951.2,13.6,259.0,0.2,32.0,7.1,6.75,51.0,1
2026-09-18 12:00:00,30.3,33.7,53.0,950.4,13.6,262.0,0.2,21.0,9.64,7.0,51.0,1
2026-09-18 13:00:00,30.3,33.5,53.0,949.3,15.8,262.0,0.2,38.0,6.04,7.45,51.0,1
2026-09-18 14:00:00,29.7,32.0,55.0,948.2,16.3,259.0,0.5,34.0,5.92,7.0,53.0,1
2026-09-18 15:00:00,29.1,30.8,59.0,947.8,17.3,262.0,0.7,31.0,6.44,5.7,53.0,1
2026-09-18 16:00:00,27.6,29.5,68.0,948.1,17.3,273.0,0.2,21.0,10.64,3.7,51.0,1
2026-09-18 17:00:00,26.6,28.8,73.0,948.3,15.7,268.0,0.0,21.0,11.04,1.75,1.0,1
2026-09-18 18:00:00,25.2,27.6,79.0,948.8,14.1,272.0,0.0,17.0,17.66,0.35,0.0,1
2026-09-18 19:00:00,24.6,27.2,82.0,949.4,12.8,270.0,0.0,22.0,16.02,0.0,1.0,0
2026-09-18 20:00:00,24.0,26.7,84.0,949.7,11.8,262.0,0.0,20.0,16.8,0.0,1.0,0
2026-09-18 21:00:00,23.8,26.7,85.0,950.3,10.0,263.0,0.0,26.0,14.88,0.0,1.0,0
2026-09-18 22:00:00,23.6,26.6,86.0,950.5,9.4,267.0,0.0,15.0,14.88,0.0,0.0,0
2026-09-18 23:00:00,23.5,26.5,85.0,950.4,9.0,260.0,0.0,15.0,17.48,0.0,0.0,0
2026-09-19 00:00:00,23.2,26.3,87.0,950.2,8.0,260.0,0.0,84.0,15.68,0.0,3.0,0
2026-09-19 01:00:00,23.0,26.4,88.0,949.9,6.2,249.0,0.0,92.0,15.48,0.0,3.0,0
2026-09-19 02:00:00,23.0,26.4,88.0,949.6,5.9,243.0,0.0,95.0,15.2,0.0,3.0,0
2026-09-19 03:00:00,23.0,26.3,87.0,949.1,5.8,250.0,0.0,96.0,15.36,0.0,3.0,0
2026-09-19 04:00:00,23.0,26.5,87.0,949.2,5.6,263.0,0.0,100.0,14.14,0.0,3.0,0
2026-09-19 05:00:00,23.0,27.1,93.0,949.1,5.2,270.0,0.0,93.0,11.9,0.0,3.0,0
2026-09-19 06:00:00,22.9,26.8,92.0,949.6,5.3,288.0,0.0,91.0,9.68,0.0,3.0,1
2026-09-19 07:00:00,23.7,27.8,87.0,950.2,3.6,297.0,0.0,29.0,14.3,0.4,1.0,1
2026-09-19 08:00:00,25.2,29.1,78.0,951.1,3.8,287.0,0.0,40.0,20.4,1.85,1.0,1
2026-09-19 09:00:00,26.8,30.5,71.0,951.6,5.1,287.0,0.0,45.0,20.34,3.8,1.0,1
2026-09-19 10:00:00,27.8,31.9,68.0,951.7,5.7,288.0,0.0,33.0,13.42,5.75,1.0,1
2026-09-19 11:00:00,27.8,32.8,66.0,951.1,5.0,300.0,0.0,34.0,5.5,7.25,1.0,1
2026-09-19 12:00:00,28.9,33.9,60.0,950.6,4.5,323.0,1.0,43.0,6.82,8.05,55.0,1
2026-09-19 13:00:00,26.9,30.3,68.0,949.8,11.0,280.0,1.1,70.0,2.52,7.65,55.0,1
2026-09-19 14:00:00,26.5,30.1,75.0,948.9,7.8,341.0,1.6,69.0,3.4,5.1,80.0,1
2026-09-19 15:00:00,27.7,31.7,71.0,948.0,6.4,281.0,0.4,37.0,7.08,5.3,51.0,1
2026-09-19 16:00:00,27.9,31.5,69.0,947.9,7.6,277.0,0.1,27.0,11.4,3.6,51.0,1
2026-09-19 17:00:00,26.3,29.9,77.0,947.9,9.0,265.0,0.3,8.0,7.52,1.7,51.0,1
2026-09-19 18:00:00,25.5,28.7,79.0,948.3,10.0,279.0,0.1,40.0,10.06,0.35,51.0,1
2026-09-19 19:00:00,24.8,28.1,83.0,948.8,9.7,286.0,0.1,14.0,9.96,0.0,51.0,0
2026-09-19 20:00:00,24.3,27.8,86.0,949.8,8.6,281.0,0.0,13.0,12.44,0.0,0.0,0
2026-09-19 21:00:00,24.0,27.5,87.0,950.7,7.7,273.0,0.0,5.0,13.92,0.0,0.0,0
2026-09-19 22:00:00,23.6,27.2,88.0,951.1,7.2,266.0,0.0,14.0,14.54,0.0,0.0,0
2026-09-19 23:00:00,23.8,27.4,88.0,950.5,7.6,278.0,0.0,18.0,10.94,0.0,0.0,0
2026-09-20 00:00:00,23.3,27.1,90.0,949.9,6.0,267.0,0.0,30.0,14.32,0.0,1.0,0
2026-09-20 01:00:00,23.0,26.6,90.0,949.7,6.3,265.0,0.0,62.0,12.62,0.0,2.0,0
2026-09-20 02:00:00,22.9,26.7,91.0,949.2,5.2,270.0,0.0,37.0,10.96,0.0,1.0,0
2026-09-20 03:00:00,22.8,26.4,92.0,949.1,6.1,273.0,0.0,77.0,11.28,0.0,2.0,0
2026-09-20 04:00:00,22.8,26.9,91.0,949.0,2.2,270.0,0.0,33.0,10.78,0.0,1.0,0
2026-09-20 05:00:00,22.6,27.1,94.0,949.1,1.1,198.0,0.0,88.0,10.68,0.0,3.0,0
2026-09-20 06:00:00,22.5,26.8,94.0,949.4,2.5,210.0,0.0,47.0,12.02,0.0,1.0,1
2026-09-20 07:00:00,23.5,27.8,89.0,950.4,1.9,209.0,0.0,50.0,15.04,0.4,2.0,1
2026-09-20 08:00:00,25.6,29.5,74.0,951.3,1.9,61.0,0.0,84.0,19.78,1.8,3.0,1
2026-09-20 09:00:00,27.7,30.3,60.0,951.6,5.4,70.0,0.0,95.0,14.42,3.75,3.0,1
2026-09-20 10:00:00,29.3,32.3,53.0,951.6,5.4,64.0,0.0,13.0,23.98,5.7,0.0,1
2026-09-20 11:00:00,31.0,35.3,48.0,951.5,3.5,66.0,0.0,37.0,22.18,7.25,1.0,1
2026-09-20 12:00:00,31.8,36.3,46.0,950.7,4.6,79.0,0.0,31.0,8.44,8.05,1.0,1
2026-09-20 13:00:00,32.6,37.7,43.0,949.8,0.8,135.0,0.2,100.0,10.2,8.05,51.0,1
2026-09-20 14:00:00,28.6,31.1,60.0,948.5,8.7,284.0,0.6,78.0,2.18,7.15,53.0,1
2026-09-20 15:00:00,26.2,29.3,74.0,948.1,8.9,294.0,1.9,64.0,5.14,5.55,80.0,1
2026-09-20 16:00:00,28.0,30.5,63.0,947.9,10.4,272.0,0.2,20.0,6.88,3.35,51.0,1
2026-09-20 17:00:00,27.5,30.2,67.0,947.8,10.8,273.0,0.6,3.0,15.96,1.7,53.0,1
2026-09-20 18:00:00,26.2,29.3,74.0,948.5,9.6,284.0,0.0,13.0,17.46,0.35,0.0,1
2026-09-20 19:00:00,25.4,28.7,80.0,949.3,9.7,286.0,0.0,10.0,15.96,0.0,0.0,0
2026-09-20 20:00:00,24.7,28.3,84.0,949.9,8.8,272.0,0.0,71.0,16.54,0.0,2.0,0
2026-09-20 21:00:00,24.3,28.1,86.0,950.6,6.7,276.0,0.0,83.0,15.0,0.0,3.0,0
2026-09-20 22:00:00,24.1,28.6,87.0,951.1,2.4,287.0,0.0,66.0,12.42,0.0,2.0,0
2026-09-20 23:00:00,24.6,29.3,85.0,950.6,1.5,300.0,0.0,73.0,13.42,0.0,2.0,0
2026-09-21 00:00:00,24.2,28.3,85.0,950.1,3.0,17.0,0.2,35.0,7.66,0.0,51.0,0
2026-09-21 01:00:00,23.8,28.1,88.0,949.6,2.8,285.0,0.1,22.0,11.8,0.0,51.0,0
2026-09-21 02:00:00,23.5,27.8,90.0,949.0,2.8,288.0,0.0,21.0,14.08,0.0,1.0,0
2026-09-21 03:00:00,23.2,27.6,92.0,948.4,2.5,315.0,0.0,9.0,12.18,0.0,0.0,0
2026-09-21 04:00:00,22.9,27.4,94.0,948.4,2.0,280.0,0.0,52.0,12.18,0.0,2.0,0
2026-09-21 05:00:00,23.1,28.3,98.0,948.6,0.9,169.0,0.0,67.0,4.94,0.0,2.0,0
2026-09-21 06:00:00,23.1,28.3,98.0,948.9,1.0,239.0,0.1,56.0,7.5,0.0,51.0,1
2026-09-21 07:00:00,23.8,28.6,91.0,949.2,2.1,285.0,0.0,29.0,9.74,0.4,1.0,1
2026-09-21 08:00:00,25.4,29.7,80.0,949.9,2.6,25.0,0.0,21.0,13.68,1.75,1.0,1
2026-09-21 09:00:00,27.3,31.0,67.0,950.4,3.4,65.0,0.0,17.0,19.14,3.8,0.0,1
2026-09-21 10:00:00,28.9,32.7,58.0,950.0,5.2,63.0,0.0,23.0,9.94,5.8,1.0,1
2026-09-21 11:00:00,30.3,35.2,54.0,949.7,2.2,90.0,0.2,23.0,19.02,7.3,51.0,1
2026-09-21 12:00:00,31.5,37.4,50.0,949.1,1.5,111.0,0.2,50.0,6.54,8.1,51.0,1
2026-09-21 13:00:00,31.9,37.1,49.0,948.1,2.8,320.0,0.1,99.0,23.6,8.0,51.0,1
2026-09-21 14:00:00,26.6,29.0,74.0,946.9,15.1,269.0,1.0,89.0,3.52,4.75,55.0,1
2026-09-21 15:00:00,26.8,29.6,73.0,946.4,12.2,241.0,0.9,30.0,4.04,5.05,53.0,1
2026-09-21 16:00:00,26.4,29.8,75.0,946.6,9.3,255.0,0.7,74.0,4.5,3.4,53.0,1
2026-09-21 17:00:00,25.0,29.3,87.0,946.9,7.3,279.0,0.5,67.0,3.74,1.65,53.0,1
2026-09-21 18:00:00,24.5,28.6,89.0,947.5,6.8,281.0,1.3,100.0,2.52,0.05,80.0,1
2026-09-21 19:00:00,24.3,28.6,93.0,948.4,7.6,304.0,0.8,88.0,4.86,0.0,53.0,0
2026-09-21 20:00:00,24.3,29.1,91.0,949.2,4.0,309.0,0.3,80.0,4.86,0.0,51.0,0
2026-09-21 21:00:00,24.2,28.9,92.0,949.8,3.8,270.0,0.3,83.0,4.96,0.0,51.0,0
2026-09-21 22:00:00,23.8,28.3,93.0,949.9,5.6,202.0,0.2,98.0,3.58,0.0,51.0,0
2026-09-21 23:00:00,23.7,28.4,95.0,949.2,4.8,285.0,0.5,100.0,3.6,0.0,53.0,0
2026-09-22 00:00:00,23.5,28.1,97.0,948.7,5.3,278.0,0.5,100.0,3.7,0.0,53.0,0
2026-09-22 01:00:00,23.3,27.8,97.0,947.9,6.0,267.0,0.4,100.0,4.24,0.0,51.0,0
2026-09-22 02:00:00,23.0,27.3,98.0,947.6,6.5,273.0,0.2,86.0,5.08,0.0,51.0,0
2026-09-22 03:00:00,22.9,27.1,97.0,947.0,5.9,258.0,0.1,33.0,5.26,0.0,51.0,0
2026-09-22 04:00:00,22.7,26.5,96.0,947.0,7.5,253.0,0.1,49.0,7.86,0.0,51.0,0
2026-09-22 05:00:00,23.3,27.0,93.0,947.5,8.7,257.0,0.0,100.0,9.36,0.0,3.0,0
2026-09-22 06:00:00,23.1,26.8,93.0,947.9,7.7,254.0,0.0,99.0,10.22,0.0,3.0,1
2026-09-22 07:00:00,23.8,27.5,88.0,948.8,6.4,260.0,0.1,68.0,5.88,0.35,51.0,1
2026-09-22 08:00:00,24.4,28.0,85.0,949.6,7.6,267.0,0.3,68.0,5.86,1.8,51.0,1
2026-09-22 09:00:00,25.4,29.2,81.0,949.9,7.2,269.0,0.2,51.0,7.9,3.75,51.0,1
2026-09-22 10:00:00,27.4,31.8,74.0,950.0,7.4,274.0,0.1,27.0,12.02,5.75,51.0,1
2026-09-22 11:00:00,28.7,34.0,68.0,949.6,6.2,282.0,0.0,95.0,20.7,7.25,3.0,1
2026-09-22 12:00:00,29.0,33.8,66.0,948.8,7.3,295.0,0.0,99.0,13.06,7.65,3.0,1
2026-09-22 13:00:00,29.2,33.7,65.0,947.8,10.1,297.0,0.0,94.0,11.88,6.45,3.0,1
2026-09-22 14:00:00,29.3,33.6,64.0,946.6,10.0,296.0,0.2,32.0,7.82,6.9,51.0,1
2026-09-22 15:00:00,26.9,29.5,71.0,945.8,14.2,296.0,0.7,92.0,2.5,5.5,53.0,1
2026-09-22 16:00:00,25.9,29.0,80.0,946.1,12.2,292.0,0.9,83.0,4.64,3.5,53.0,1
2026-09-22 17:00:00,24.8,28.6,86.0,946.3,8.5,274.0,2.8,95.0,4.38,1.65,95.0,1
2026-09-22 18:00:00,24.2,28.2,89.0,947.1,7.7,246.0,0.3,95.0,5.56,0.3,51.0,1
2026-09-22 19:00:00,24.3,28.1,89.0,947.7,9.0,275.0,0.2,99.0,9.14,0.0,51.0,0
2026-09-22 20:00:00,24.0,27.8,92.0,948.2,9.6,278.0,0.0,100.0,11.6,0.0,3.0,0
2026-09-22 21:00:00,23.6,27.3,92.0,948.7,9.7,272.0,0.0,100.0,11.76,0.0,3.0,0
2026-09-22 22:00:00,23.4,27.0,92.0,948.8,9.1,261.0,0.0,100.0,11.74,0.0,3.0,0
2026-09-22 23:00:00,23.6,27.4,93.0,948.1,9.2,259.0,0.0,98.0,11.32,0.0,3.0,0
2026-09-23 00:00:00,23.4,27.1,93.0,947.6,9.2,266.0,0.0,98.0,11.54,0.0,3.0,0
2026-09-23 01:00:00,23.3,26.7,92.0,947.2,9.4,263.0,0.0,97.0,11.18,0.0,3.0,0
2026-09-23 02:00:00,23.2,26.6,91.0,946.7,9.3,262.0,0.0,100.0,11.56,0.0,3.0,0
2026-09-23 03:00:00,23.1,26.6,92.0,946.5,8.3,265.0,0.0,100.0,11.78,0.0,3.0,0
2026-09-23 04:00:00,23.1,26.7,92.0,946.6,8.3,268.0,0.0,99.0,11.94,0.0,3.0,0
2026-09-23 05:00:00,23.1,26.7,94.0,946.8,9.2,264.0,0.0,99.0,11.82,0.0,3.0,0
2026-09-23 06:00:00,22.9,26.5,94.0,947.3,8.6,268.0,0.0,98.0,11.78,0.0,3.0,1
2026-09-23 07:00:00,23.7,27.2,89.0,948.0,8.5,275.0,0.0,98.0,14.1,0.4,3.0,1
2026-09-23 08:00:00,25.0,28.1,81.0,948.6,10.6,291.0,0.0,70.0,15.48,1.8,2.0,1
2026-09-23 09:00:00,26.7,29.8,73.0,949.1,9.5,309.0,0.2,38.0,6.18,3.5,51.0,1
2026-09-23 10:00:00,28.2,32.1,67.0,949.3,8.7,320.0,0.3,59.0,11.82,5.3,51.0,1
2026-09-23 11:00:00,29.3,34.2,66.0,948.6,10.0,300.0,0.1,34.0,10.42,6.5,51.0,1
2026-09-23 12:00:00,28.4,33.8,70.0,948.1,9.4,312.0,0.4,41.0,7.56,7.65,51.0,1
2026-09-23 13:00:00,30.2,35.4,62.0,946.8,10.2,307.0,0.1,49.0,13.16,7.4,51.0,1
2026-09-23 14:00:00,30.2,34.7,61.0,945.9,12.0,309.0,0.1,93.0,20.7,6.75,51.0,1
2026-09-23 15:00:00,28.4,31.7,65.0,945.2,11.9,299.0,1.3,66.0,7.92,5.25,80.0,1
2026-09-23 16:00:00,28.2,30.9,66.0,944.7,12.0,298.0,0.2,61.0,7.42,3.4,51.0,1
2026-09-23 17:00:00,27.1,29.6,71.0,944.8,14.1,273.0,0.1,94.0,20.66,1.6,51.0,1
2026-09-23 18:00:00,25.9,28.5,76.0,945.5,13.3,279.0,0.0,88.0,18.48,0.3,3.0,1
2026-09-23 19:00:00,24.6,27.4,84.0,946.6,12.7,276.0,0.0,82.0,15.6,0.0,3.0,0
2026-09-23 20:00:00,23.9,27.1,88.0,947.5,10.8,270.0,0.0,59.0,14.02,0.0,2.0,0
2026-09-23 21:00:00,23.6,26.9,91.0,947.9,10.4,259.0,0.0,42.0,11.66,0.0,1.0,0
2026-09-23 22:00:00,23.5,26.9,91.0,947.8,10.1,254.0,0.0,75.0,11.66,0.0,2.0,0
2026-09-23 23:00:00,24.1,27.6,90.0,946.9,11.3,260.0,0.0,76.0,13.94,0.0,2.0,0
2026-09-24 00:00:00,23.6,27.0,91.0,946.4,10.1,270.0,0.0,70.0,11.68,0.0,2.0,0
2026-09-24 01:00:00,23.3,26.6,92.0,945.8,10.5,263.0,0.0,95.0,11.7,0.0,3.0,0
2026-09-24 02:00:00,22.9,26.3,94.0,945.5,9.9,254.0,0.0,98.0,11.7,0.0,3.0,0
2026-09-24 03:00:00,23.1,26.5,93.0,945.0,9.7,259.0,0.0,97.0,11.7,0.0,3.0,0
2026-09-24 04:00:00,23.0,26.4,94.0,944.8,9.7,266.0,0.0,98.0,11.68,0.0,3.0,0
2026-09-24 05:00:00,23.5,27.2,93.0,945.0,9.1,261.0,0.0,41.0,2.5,0.0,1.0,0
2026-09-24 06:00:00,22.9,26.5,94.0,945.5,8.6,258.0,0.0,41.0,3.44,0.0,1.0,1
2026-09-24 07:00:00,24.0,27.4,89.0,946.4,10.1,271.0,0.0,88.0,13.9,0.4,3.0,1
2026-09-24 08:00:00,25.2,28.8,83.0,947.4,9.9,282.0,0.0,95.0,3.92,1.75,3.0,1
2026-09-24 09:00:00,26.9,30.3,76.0,947.9,11.3,292.0,0.0,83.0,9.02,3.7,3.0,1
2026-09-24 10:00:00,28.4,31.8,67.0,948.0,11.9,302.0,0.1,41.0,8.22,5.7,51.0,1
2026-09-24 11:00:00,29.4,33.2,60.0,947.5,12.6,319.0,0.1,84.0,11.52,7.0,51.0,1
2026-09-24 12:00:00,30.5,34.4,54.0,946.7,12.3,320.0,0.0,55.0,11.96,7.55,2.0,1
2026-09-24 13:00:00,30.7,34.4,53.0,945.9,12.7,325.0,0.1,80.0,9.8,7.4,51.0,1
2026-09-24 14:00:00,30.2,32.5,51.0,945.0,13.6,318.0,0.1,45.0,11.06,5.75,51.0,1
2026-09-24 15:00:00,29.3,32.2,61.0,944.0,12.8,310.0,0.3,73.0,3.8,4.05,51.0,1
2026-09-24 16:00:00,26.2,28.7,76.0,944.1,15.4,294.0,1.3,82.0,4.12,3.2,80.0,1
2026-09-24 17:00:00,27.5,29.8,68.0,944.6,14.5,293.0,0.2,95.0,20.18,1.5,51.0,1
2026-09-24 18:00:00,25.6,28.7,81.0,944.9,12.6,284.0,0.0,87.0,15.06,0.25,3.0,0
2026-09-24 19:00:00,24.9,28.0,84.0,945.8,13.0,280.0,0.0,95.0,15.4,0.0,3.0,0
2026-09-24 20:00:00,24.3,27.5,87.0,946.5,11.0,273.0,0.0,63.0,13.46,0.0,2.0,0
2026-09-24 21:00:00,24.0,27.3,88.0,947.3,10.5,265.0,0.0,98.0,13.54,0.0,3.0,0
2026-09-24 22:00:00,23.7,26.9,89.0,947.2,10.8,269.0,0.0,76.0,13.64,0.0,2.0,0
2026-09-24 23:00:00,23.1,26.0,90.0,947.0,10.8,266.0,0.0,30.0,13.64,0.0,1.0,0
2026-09-25 00:00:00,22.7,25.5,90.0,946.3,10.1,259.0,0.0,82.0,9.12,0.0,3.0,0
2026-09-25 01:00:00,22.2,24.8,90.0,945.8,10.6,260.0,0.0,95.0,13.66,0.0,3.0,0
2026-09-25 02:00:00,21.9,24.2,91.0,945.4,11.0,255.0,0.0,87.0,13.22,0.0,3.0,0
2026-09-25 03:00:00,21.9,24.3,91.0,945.0,10.7,256.0,0.0,86.0,11.32,0.0,3.0,0
2026-09-25 04:00:00,21.8,24.3,92.0,944.9,10.6,252.0,0.0,93.0,11.2,0.0,3.0,0
2026-09-25 05:00:00,22.8,25.8,92.0,945.3,11.1,258.0,0.0,99.0,11.18,0.0,3.0,0
2026-09-25 06:00:00,22.6,25.9,94.0,945.8,9.7,251.0,0.0,98.0,7.56,0.0,3.0,1
2026-09-25 07:00:00,23.3,26.5,91.0,946.6,11.0,259.0,0.0,73.0,1.2,0.35,2.0,1
2026-09-25 08:00:00,24.9,27.5,81.0,947.5,13.6,265.0,0.0,67.0,3.38,1.55,2.0,1
2026-09-25 09:00:00,26.7,28.8,71.0,947.9,15.6,277.0,0.0,75.0,12.1,3.2,2.0,1
2026-09-25 10:00:00,28.0,30.0,65.0,948.0,16.2,282.0,0.0,50.0,13.06,4.85,2.0,1
2026-09-25 11:00:00,29.2,32.6,62.0,947.9,15.5,279.0,0.1,34.0,9.22,6.45,51.0,1
2026-09-25 12:00:00,29.6,32.6,54.0,947.0,16.2,285.0,0.4,64.0,5.5,7.55,51.0,1
2026-09-25 13:00:00,29.5,32.3,57.0,946.5,17.8,286.0,1.0,92.0,13.82,7.5,55.0,1
2026-09-25 14:00:00,28.4,30.0,59.0,946.0,17.9,280.0,0.2,99.0,8.56,6.65,51.0,1
2026-09-25 15:00:00,27.7,28.7,62.0,945.4,18.3,275.0,0.3,98.0,9.28,5.45,51.0,1
2026-09-25 16:00:00,26.6,28.4,71.0,945.5,17.4,278.0,0.0,92.0,13.86,3.5,3.0,1
2026-09-25 17:00:00,26.3,28.0,70.0,945.5,15.8,277.0,0.0,100.0,19.66,1.6,3.0,1
2026-09-25 18:00:00,24.8,26.9,79.0,946.1,15.0,276.0,0.0,100.0,17.22,0.25,3.0,0
2026-09-25 19:00:00,24.1,26.4,82.0,946.7,13.7,265.0,0.0,100.0,15.06,0.0,3.0,0
2026-09-25 20:00:00,23.5,25.9,86.0,947.2,13.1,262.0,0.0,100.0,12.96,0.0,3.0,0
2026-09-25 21:00:00,23.0,25.4,88.0,947.8,13.2,258.0,0.0,100.0,13.12,0.0,3.0,0
2026-09-25 22:00:00,22.7,24.9,89.0,947.9,13.7,260.0,0.0,91.0,13.12,0.0,3.0,0
2026-09-25 23:00:00,22.5,24.5,87.0,947.6,13.7,259.0,0.0,50.0,13.2,0.0,2.0,0
2026-09-26 00:00:00,22.1,23.9,89.0,947.2,14.3,256.0,0.0,95.0,12.8,0.0,3.0,0
2026-09-26 01:00:00,22.1,23.9,90.0,946.8,15.6,256.0,0.0,100.0,12.58,0.0,3.0,0
2026-09-26 02:00:00,22.3,24.0,89.0,946.6,15.6,259.0,0.0,100.0,12.52,0.0,3.0,0
2026-09-26 03:00:00,22.5,24.1,87.0,946.6,16.3,263.0,0.0,98.0,12.82,0.0,3.0,0
2026-09-26 04:00:00,22.6,24.3,89.0,946.7,16.8,265.0,0.0,95.0,12.44,0.0,3.0,0
2026-09-26 05:00:00,22.3,24.1,90.0,946.8,16.2,266.0,0.0,100.0,12.7,0.0,3.0,0
2026-09-26 06:00:00,22.2,23.9,90.0,947.4,16.1,260.0,0.0,99.0,12.88,0.0,3.0,1
2026-09-26 07:00:00,22.6,24.5,87.0,948.1,14.8,260.0,0.0,55.0,13.0,0.35,2.0,1
2026-09-26 08:00:00,24.0,25.6,79.0,949.1,15.5,261.0,0.0,81.0,16.74,1.55,3.0,1
2026-09-26 09:00:00,25.7,26.9,70.0,949.9,16.8,267.0,0.0,75.0,19.08,3.05,2.0,1
2026-09-26 10:00:00,27.0,28.9,65.0,949.9,17.1,269.0,0.0,70.0,19.08,4.75,2.0,1
2026-09-26 11:00:00,28.1,30.7,61.0,949.5,18.0,273.0,0.0,55.0,19.1,6.55,2.0,1
2026-09-26 12:00:00,29.0,31.7,57.0,948.8,18.1,277.0,0.1,47.0,20.94,7.9,51.0,1
